# x_m,y_m,v_mps,kappa
# optimization: {"dynamic_validation": false, "effective_margin_m": [0.03728659204552065, 0.214485821643566], "elapsed_s": 267.22774540202226, "export_audit": {"max_axle_friction_ratio": 1.0000000000000082, "maximum_steering_rad": 0.33882085323190164, "minimum_body_clearance_above_reserve_m": 0.002766721944067685, "normalized_physical_violation": 8.215650382226158e-15, "samples": 2160}, "export_relative_time_change": 0.003308593632277015, "exported_time_s": 6.978163140427508, "geometry_discretization_reserve_m": 0.003, "global_optimum_proven": false, "kkt_stationarity": 8.40271868013387e-06, "mesh_checks": [{"dense_normalized_violation": 0.019417143391516484, "dense_time_relative_change": 4.592927090963659e-05, "iterations": 186, "samples": 368, "time_s": 6.95114891988296}, {"dense_normalized_violation": 0.015684555735077585, "dense_time_relative_change": 2.215020624866369e-05, "iterations": 44, "samples": 407, "time_s": 6.954733368411144}, {"dense_normalized_violation": 0.0027926370502104753, "dense_time_relative_change": 1.455140069094873e-05, "iterations": 44, "samples": 434, "time_s": 6.95520190369207}, {"dense_normalized_violation": 8.748488061336106e-05, "dense_time_relative_change": 1.42978268326e-05, "iterations": 47, "samples": 454, "time_s": 6.95524937214508}, {"dense_normalized_violation": 9.19741443628661e-07, "dense_time_relative_change": 1.4285520417603759e-05, "iterations": 44, "samples": 456, "time_s": 6.955250730266575}], "model": "periodic-quasisteady-axle-nlp-v1", "normalized_constraint_violation": 9.393790798110243e-10, "objective": "integral(norm(dxy/dphase)/speed, phase=0..1)", "path_control_mesh_convergence_tested": false, "path_controls": 92, "requested_margin_m": 0.4, "solved_time_s": 6.955151370890258, "solver_message": "Optimization terminated successfully", "status": "converged"}
4.404012777418516045e+00,9.999453730183700984e+00,6.196241513631566278e+00,2.241265512558364703e-01
4.393305568284965545e+00,9.966222539385949375e+00,6.204932303760411827e+00,2.209819633998892641e-01
4.382854802799315053e+00,9.932908887220063932e+00,6.214439419035020506e+00,2.178044451620348987e-01
4.372657477858857611e+00,9.899516081374761356e+00,6.224731179028151651e+00,2.148978918383619985e-01
4.362710990066442029e+00,9.866047701985214857e+00,6.235685312375183642e+00,2.122519777951313302e-01
4.353013070824445663e+00,9.832507476239266353e+00,6.247193790783746259e+00,2.098575518784475402e-01
4.343561000183524534e+00,9.798896520930345133e+00,6.258018627527526689e+00,2.077066132284600131e-01
4.334352844541036198e+00,9.765217609300798074e+00,6.266124412790024856e+00,2.057922576242501855e-01
4.325387029744174328e+00,9.731473838317093339e+00,6.274213319158926438e+00,2.041086529814454542e-01
4.316661893665010297e+00,9.697666960301038586e+00,6.282287624121182468e+00,2.026509677574086510e-01
4.308176144769420901e+00,9.663799073197210987e+00,6.290349482184530494e+00,2.014153412949112321e-01
4.299928808901388955e+00,9.629872487230150213e+00,6.298400965238661442e+00,2.003911072468523846e-01
4.291918990971916870e+00,9.595888801996647288e+00,6.307823499958173485e+00,1.985985792270474615e-01
4.284145015713640703e+00,9.561850425618333205e+00,6.321483412542799663e+00,1.951013401647656020e-01
4.276603182664517000e+00,9.527760325042576639e+00,6.335125619476984937e+00,1.916302626843922330e-01
4.269289493078483488e+00,9.493620010331937920e+00,6.348755305521196490e+00,1.884057481204933771e-01
4.262200484202782746e+00,9.459432043754626207e+00,6.362377229338220808e+00,1.854207367832129416e-01
4.255333077586791468e+00,9.425199517625516776e+00,6.375995955552467009e+00,1.826693763089245748e-01
4.248684319933301090e+00,9.390924840326029255e+00,6.389616358080465019e+00,1.801468915175946928e-01
4.242250848060431956e+00,9.356606754890400168e+00,6.403244823034653699e+00,1.778497394978941493e-01
4.236030715558812609e+00,9.322249990533364894e+00,6.416885438277915021e+00,1.757755752639600932e-01
4.230021712671256928e+00,9.287856615469868515e+00,6.430543452290937267e+00,1.739233525367761546e-01
4.224221852531469423e+00,9.253428485209063581e+00,6.444224325487821758e+00,1.722931941020624524e-01
4.218628776278351644e+00,9.218963476096488918e+00,6.457935256648275058e+00,1.701796627981147225e-01
4.213240573508522324e+00,9.184465746636774952e+00,6.473022535969679581e+00,1.566011723019667401e-01
4.208041165306913634e+00,9.149939646918195280e+00,6.489146095509429557e+00,1.334336926815860858e-01
4.203002812262411680e+00,9.115390714999865196e+00,6.505339392924859077e+00,1.096456150569209143e-01
4.198096905858680117e+00,9.080823816162309825e+00,6.521624468481420855e+00,8.519998937005003603e-02
4.193293910345522235e+00,9.046242958731907535e+00,6.538025399321911735e+00,5.972917094737875687e-02
4.188562518430350323e+00,9.011648338260094704e+00,6.554570194846933262e+00,3.279965896765788674e-02
4.183870842947982283e+00,8.977049015657971864e+00,6.571285303282166979e+00,3.885798043603876355e-03
4.179183974337452590e+00,8.942449887864086122e+00,6.588202486314846951e+00,-2.766429689695549046e-02
4.174463861221106242e+00,8.907856564350588258e+00,6.605357381523170091e+00,-6.268103051267910619e-02
4.169668354619324724e+00,8.873275802704533533e+00,6.622790401938154048e+00,-1.022499459005404981e-01
4.164748193797196407e+00,8.838703767391873356e+00,6.640554293262209917e+00,-1.431354303189447119e-01
4.159655782368604449e+00,8.804160026115864568e+00,6.658688626593264104e+00,-1.467737654061126162e-01
4.154387301303596125e+00,8.769648610134360922e+00,6.677154420674949797e+00,-1.247990063736864885e-01
4.148968550235689001e+00,8.735160739497390026e+00,6.695857725965669083e+00,-9.714964406154580345e-02
4.143432284558261181e+00,8.700687889371902628e+00,6.714687918482420415e+00,-6.530266918096874762e-02
4.137817666783351278e+00,8.666229165785773958e+00,6.733519928981085201e+00,-3.116507888099090059e-02
4.132165783984493856e+00,8.631777939631005481e+00,6.752229353743715023e+00,3.042348116432602115e-03
4.126517463909096683e+00,8.597325524549724207e+00,6.770698754759307825e+00,3.517732714634773383e-02
4.120910365479365289e+00,8.562859445209047848e+00,6.788825786143366514e+00,6.351779710266312884e-02
4.115381404466473825e+00,8.528391551131916160e+00,6.806513866722655237e+00,8.697818455258411741e-02
4.109956898808836634e+00,8.493905588955907859e+00,6.821162894726398918e+00,1.039528273193419255e-01
4.104656826701378769e+00,8.459395217122178678e+00,6.815829739862123482e+00,1.140650529954385928e-01
4.099494113263236983e+00,8.424863174179414216e+00,6.810625002651979010e+00,1.228341438246923767e-01
4.094479457221118501e+00,8.390308657961094596e+00,6.801578810561593080e+00,1.313910580141565143e-01
4.089623213647040068e+00,8.355730296542231983e+00,6.776183288422568118e+00,1.399438543414945335e-01
4.084935770120167398e+00,8.321126924164593319e+00,6.752117868174406290e+00,1.486589264200481875e-01
4.080429034934550891e+00,8.286507657692446571e+00,6.729574362535089449e+00,1.576794377834936645e-01
4.076112718911274690e+00,8.251862294554451083e+00,6.708791922108416905e+00,1.671360055150953594e-01
4.071998274897879355e+00,8.217189179272692101e+00,6.690097034448008628e+00,1.771556277309750960e-01
4.068098167002935917e+00,8.182489293367309457e+00,6.673932559601039927e+00,1.878656102537151207e-01
4.064426385275615949e+00,8.147770558854329437e+00,6.660918697294511581e+00,1.994014043720894469e-01
4.060996100110327411e+00,8.113024080182405839e+00,6.651555178994336792e+00,2.108310076592752047e-01
4.057821638333916958e+00,8.078252775351446147e+00,6.643225882582306951e+00,2.141773075672372961e-01
4.054907454960626545e+00,8.043460764192891688e+00,6.643225882582306951e+00,2.134440984863354984e-01
4.052252567366872782e+00,8.008647191941120624e+00,6.643584830222496684e+00,2.129091299990946984e-01
4.049856491613288867e+00,7.973814052903951399e+00,6.644191209915165430e+00,2.125994914621799625e-01
4.047719126096209763e+00,7.938965465173236424e+00,6.639931850280177628e+00,2.125117236042511903e-01
4.045840347537636994e+00,7.904101292540796742e+00,6.630885907361248499e+00,2.126433164509746454e-01
4.044220453029132578e+00,7.869223870877342542e+00,6.621664156725479700e+00,2.129926772508300981e-01
4.042859992981173711e+00,7.834335948592843657e+00,6.612342355096477498e+00,2.135591080934040875e-01
4.041759694242264445e+00,7.799438514618246110e+00,6.603064092923237816e+00,2.143427840474140533e-01
4.040920589422823284e+00,7.764533919934843098e+00,6.593922368812023649e+00,2.153447550865870419e-01
4.040343941749907408e+00,7.729623873575533821e+00,6.585002930313406111e+00,2.165669269661610885e-01
4.040031278178784824e+00,7.694710644739966909e+00,6.576364163859611089e+00,2.179255299140984148e-01
4.039984269026268393e+00,7.659796088541080294e+00,6.576364163859611089e+00,2.185652810429015158e-01
4.040203698722526937e+00,7.624881955934847078e+00,6.573858440465390807e+00,2.187323297445968873e-01
4.040689751625300197e+00,7.589970950969992636e+00,6.567645526166898229e+00,2.189239305671464575e-01
4.041442641443608430e+00,7.555064386609174676e+00,6.567645526166898229e+00,2.191473492304246151e-01
4.042462596673281006e+00,7.520164507386760455e+00,6.559534509481456332e+00,2.194029080939147447e-01
4.043749848499729183e+00,7.485273924522410027e+00,6.554761437632372179e+00,2.196909344188633928e-01
4.045304705673693491e+00,7.450393790172803676e+00,6.549507469484153965e+00,2.200117591354016910e-01
4.047127451362369399e+00,7.415526646306515701e+00,6.546081178765296826e+00,2.203657178301171859e-01
4.049218378839797516e+00,7.380675037875962907e+00,6.537550950449272591e+00,2.207531514230738068e-01
4.051577897815348273e+00,7.345840034853126532e+00,6.537550950449272591e+00,2.211744050526180116e-01
4.054206344217644364e+00,7.311024358406752910e+00,6.530034477202805832e+00,2.216298287163845637e-01
4.057104075846583946e+00,7.276230556985973763e+00,6.530034477202805832e+00,2.216850595076420294e-01
4.060271117245053851e+00,7.241459219263441938e+00,6.530034477202805832e+00,2.169352925058647685e-01
4.063701527200026753e+00,7.206711981073564921e+00,6.532242170549236171e+00,2.100455155882212099e-01
4.067386440229956435e+00,7.171993007987107482e+00,6.537280795648364951e+00,2.045069426877303143e-01
4.071319297703688278e+00,7.137300022957488110e+00,6.544307079687801121e+00,2.003308464609998285e-01
4.075495058555388184e+00,7.102632670443278506e+00,6.552663177103310588e+00,1.975113438867233950e-01
4.079909452033840367e+00,7.067997663938167641e+00,6.561799486372615675e+00,1.960886377420225923e-01
4.084560419188996150e+00,7.033396948484081257e+00,6.561310560728538910e+00,1.961566867563859784e-01
4.089448350693360545e+00,6.998828052507309216e+00,6.545572750654411465e+00,1.978772656079914316e-01
4.094575882715341564e+00,6.964287818152768317e+00,6.530565355003287387e+00,2.015026691551533855e-01
4.099946042067904806e+00,6.929786256381887277e+00,6.517023599662985944e+00,2.074122032263790716e-01
4.105565617795408961e+00,6.895326341892349831e+00,6.506011565705374089e+00,2.161244468023080234e-01
4.111444416627408671e+00,6.860913533392320574e+00,6.506011565705374089e+00,2.233289986807520944e-01
4.117591490314715941e+00,6.826546792611384085e+00,6.506011565705374089e+00,2.203757538164770879e-01
4.124004029894943635e+00,6.792221868694944931e+00,6.507403514724438232e+00,2.097257613312401847e-01
4.130666440460908362e+00,6.757951533303952374e+00,6.513216962188518089e+00,1.914687734507107553e-01
4.137557538559827996e+00,6.723727689661014750e+00,6.525107907380686356e+00,1.659587467967756080e-01
4.144647397779912090e+00,6.689541524582239163e+00,6.543499184566908156e+00,1.345427953942602006e-01
4.151897815496054633e+00,6.655388798416526974e+00,6.567808368089597337e+00,9.940489684634025436e-02
4.159266158992513951e+00,6.621264018201212131e+00,6.566577970978951129e+00,6.315768941377908341e-02
4.166709661817238342e+00,6.587155863055318861e+00,6.562613187095474032e+00,2.832549053680794363e-02
4.174188165083700497e+00,6.553049281451131414e+00,6.558729741604601315e+00,-1.668081524236897893e-03
4.181665549297677309e+00,6.518938306477300770e+00,6.578753752756330897e+00,-9.556848181198724160e-03
4.189129533381292347e+00,6.484834055525348084e+00,6.611674506696489928e+00,-4.154396543086395603e-03
4.196589214125143741e+00,6.450725780946289234e+00,6.643711140116389302e+00,7.815477485119793439e-04
4.204050185571835740e+00,6.416616064295250332e+00,6.674988965696822873e+00,5.181727455734750840e-03
4.211517266941275928e+00,6.382507977935521382e+00,6.705613364449362734e+00,9.203063636024032962e-03
4.218994498856578623e+00,6.348405980166017315e+00,6.735673660167079468e+00,1.296527787428510513e-02
4.226487449188047307e+00,6.314306083544938275e+00,6.765255067015887747e+00,1.656339707584212131e-02
4.234000462864274894e+00,6.280208961441301696e+00,6.794429620371326806e+00,2.007628592295062492e-02
4.241537654642753452e+00,6.246115853740295876e+00,6.823261951930529534e+00,2.357231711049512582e-02
4.249103004629130709e+00,6.212028510807404480e+00,6.851810973203774857e+00,2.711390550510007005e-02
4.256700102113033957e+00,6.177950675647002399e+00,6.880129982284469037e+00,3.020337997656340895e-02
4.264333205469961641e+00,6.143880541726381317e+00,6.876063690622958191e+00,2.413672785820744626e-02
4.271995044677078468e+00,6.109816733918231435e+00,6.847902935414543535e+00,1.051135213564091675e-02
4.279669431000685975e+00,6.075755535720738898e+00,6.819655062387711908e+00,-3.250103845132018467e-03
4.287339854817662221e+00,6.041693898950835084e+00,6.791313614377472163e+00,-1.694585246459538036e-02
4.294990130324118027e+00,6.007627703703136923e+00,6.762871158281563488e+00,-3.060413540429086227e-02
4.302604036348277816e+00,5.973553193091873936e+00,6.734320465159797209e+00,-4.425275129606381225e-02
4.310165279802091298e+00,5.939466985233950780e+00,6.705654516559226508e+00,-5.791894268088168540e-02
4.317657566299501148e+00,5.905365609002501515e+00,6.676866108659353927e+00,-7.162946762824891345e-02
4.325064564302116388e+00,5.871245510045572047e+00,6.647947846724669319e+00,-8.541059578592130608e-02
4.332369762422981552e+00,5.837103557586814873e+00,6.618892566262779553e+00,-9.928807108803401615e-02
4.339556506660250612e+00,5.802936740621089662e+00,6.589693070565849631e+00,-1.132871707618414159e-01
4.346608134696696268e+00,5.768741363677647449e+00,6.560341431277029400e+00,-1.256161330339218007e-01
4.353509730798839072e+00,5.734515327428872489e+00,6.531659556481850260e+00,-1.291252246485901645e-01
4.360256899037341149e+00,5.700258798506824931e+00,6.502882222894652564e+00,-1.299786947931757530e-01
4.366848458886675388e+00,5.665972411303035194e+00,6.473940429441203293e+00,-1.309301711930720979e-01
4.373283336036386970e+00,5.631655601456399651e+00,6.444825860944157547e+00,-1.319829960998356588e-01
4.379560046634374260e+00,5.597309285643630616e+00,6.415531240630517829e+00,-1.331400765888255955e-01
4.385676959123014917e+00,5.562934552246121989e+00,6.386049219971285495e+00,-1.344046592625996461e-01
4.391632411236677136e+00,5.528531979031502175e+00,6.356371775116445022e+00,-1.357803743744880609e-01
4.397424710390596125e+00,5.494101531172822739e+00,6.326490086162934290e+00,-1.372712772932351277e-01
4.403052118433876672e+00,5.459642532498095058e+00,6.296394473963085936e+00,-1.388818326317610707e-01
4.408512300574075837e+00,5.425157063236150989e+00,6.266077354519276277e+00,-1.406169543806587430e-01
4.413803035849013234e+00,5.390645666457534624e+00,6.235529482829232251e+00,-1.424951178686401365e-01
4.418921921990493829e+00,5.356108954881472428e+00,6.205263354244442198e+00,-1.449536971780909511e-01
4.423865952244313782e+00,5.321546804951878151e+00,6.175519836136248664e+00,-1.479323849945246572e-01
4.428631574673732807e+00,5.286958338805265889e+00,6.145556769846317380e+00,-1.507499896882946167e-01
4.433215015470193698e+00,5.252345737437762452e+00,6.115384667784276473e+00,-1.533483492357559375e-01
4.437613035939668826e+00,5.217709375852983555e+00,6.085012867174369511e+00,-1.557127508071534661e-01
4.441822672642170566e+00,5.183049737601944429e+00,6.054451138824702205e+00,-1.578300224441783195e-01
4.445841255895694566e+00,5.148367403684787291e+00,6.023709640627549433e+00,-1.596886750044558823e-01
4.449666426012846898e+00,5.113663040790483727e+00,5.992798867176585276e+00,-1.612790696839609961e-01
4.453296115104055097e+00,5.078937703029362538e+00,5.961729877671269939e+00,-1.625935635856707306e-01
4.456728598499402061e+00,5.044192492206646783e+00,5.930513950869045203e+00,-1.636266230189699356e-01
4.459962527488207762e+00,5.009428269014721380e+00,5.899162276561789930e+00,-1.643753407901190344e-01
4.462996904900557560e+00,4.974645885997642125e+00,5.867621057282259578e+00,-1.651211649241580426e-01
4.465830744388743057e+00,4.939846124971443153e+00,5.835545344648060961e+00,-1.665023391029504807e-01
4.468462239073416775e+00,4.905030368930922258e+00,5.803341160049518166e+00,-1.681056370262961064e-01
4.470889302857830039e+00,4.870200339657788646e+00,5.771000591429046978e+00,-1.698283932247108552e-01
4.473109800025778959e+00,4.835356551063986430e+00,5.738514508012519499e+00,-1.716720601985295691e-01
4.475121420473025857e+00,4.800499891086526638e+00,5.705874001436782805e+00,-1.736384230140111395e-01
4.476921690906288553e+00,4.765631565153253923e+00,5.673070319128665773e+00,-1.757295756151683319e-01
4.478507993125590225e+00,4.730752819548976085e+00,5.640094588546727294e+00,-1.779479232603556060e-01
4.479877560554874627e+00,4.695864974728548802e+00,5.606937829139138074e+00,-1.802961906029441341e-01
4.481027480675324526e+00,4.660969287463422539e+00,5.573590800833452263e+00,-1.827774291300121312e-01
4.481954690055220070e+00,4.626066883829280663e+00,5.540043915628233506e+00,-1.853950167487713740e-01
4.482655957492180931e+00,4.591159205543552169e+00,5.506287643491006634e+00,-1.854241274715589527e-01
4.483131216514304462e+00,4.556247861851254299e+00,5.472312932085900528e+00,-1.647300140724678175e-01
4.483405676483808833e+00,4.521334394654524580e+00,5.438114843320317249e+00,-1.344053448047330401e-01
4.483516295531323692e+00,4.486419863305903810e+00,5.403689867372766464e+00,-1.039668105276431859e-01
4.483500175287238321e+00,4.451505140102129054e+00,5.369034200946018132e+00,-7.347401624366244055e-02
4.483394487678486584e+00,4.416590602920750008e+00,5.334143416642006308e+00,-4.293002186860610248e-02
4.483236467384338120e+00,4.381676298791706614e+00,5.299012605054099545e+00,-1.233384213671073586e-02
4.483063412126082170e+00,4.346762111371294424e+00,5.263636526340301991e+00,1.831790079340314681e-02
4.482912686683037329e+00,4.311847814595105355e+00,5.228009651337178099e+00,4.902932705546723946e-02
4.482821728885320489e+00,4.276933163283070272e+00,5.192126242289639926e+00,7.980351364894724964e-02
4.482828054694705244e+00,4.242018450257648787e+00,5.155980921609630840e+00,1.106408241976360313e-01
4.482969255104895190e+00,4.207104086032809498e+00,5.119568242717869921e+00,1.412071351506566930e-01
4.483282587625694759e+00,4.172190874387428750e+00,5.083153017519313366e+00,1.617998121787233012e-01
4.483793144358088512e+00,4.137280045440873799e+00,5.046802672958797586e+00,1.708637405511780893e-01
4.484511958404736376e+00,4.102372792561692627e+00,5.010171902772447616e+00,1.793752117181583172e-01
4.485449379504845346e+00,4.067470583803276973e+00,4.973250913874432300e+00,1.879877934783179549e-01
4.486615859702237863e+00,4.032575335613001855e+00,4.936030023187262472e+00,1.967065487994356099e-01
4.488021966188046719e+00,3.997689010446085156e+00,4.898499218452633919e+00,2.055359101656651366e-01
4.489678380742895492e+00,3.962813788814724347e+00,4.860648322491002205e+00,2.144796403094490767e-01
4.491595900758431625e+00,3.927952082763500385e+00,4.822466991745121057e+00,2.235407832989681209e-01
4.493785463287180093e+00,3.893106185526004293e+00,4.783944310753844853e+00,2.327215593440487840e-01
4.496258103924715144e+00,3.858279011111538370e+00,4.745069585479962271e+00,2.420232523751208176e-01
4.499024941546606371e+00,3.823474079381019131e+00,4.705832328924032915e+00,2.514461215476676004e-01
4.502097216320011697e+00,3.788694906968547382e+00,4.667018220376855986e+00,2.609841994472216209e-01
4.505486256529698252e+00,3.753945340907476336e+00,4.632065683937740985e+00,2.705695687864791421e-01
4.509203405011354526e+00,3.719229416548860634e+00,4.596811398214589062e+00,2.801282365610275327e-01
4.513259906077571770e+00,3.684551545545306617e+00,4.561252116941668433e+00,2.896375516457260213e-01
4.517666919459831121e+00,3.649916134034198123e+00,4.525384451961736332e+00,2.990779353345843772e-01
4.522435349439286156e+00,3.615328686785049150e+00,4.489206026983864284e+00,3.084283634867637791e-01
4.527575942680422294e+00,3.580794691585436063e+00,4.452714344899130872e+00,3.176663949119980512e-01
4.533099225501401541e+00,3.546319898425813300e+00,4.415907081819788971e+00,3.267683171244498141e-01
4.539015458377574141e+00,3.511910388899770030e+00,4.378782172260201833e+00,3.357092172924803775e-01
4.545334597810958499e+00,3.477572571139412538e+00,4.341337818369081170e+00,3.444631074501367518e-01
4.552066257116657688e+00,3.443313171768696890e+00,4.303422542421293073e+00,3.530030737952318254e-01
4.559219635104515334e+00,3.409139370032435501e+00,4.265485125022225432e+00,3.626180256708710914e-01
4.566805061777382768e+00,3.375059005008518742e+00,4.240468369964697004e+00,3.776594733936838866e-01
4.574839190853649207e+00,3.341081631067974733e+00,4.215636970488602309e+00,3.940551408089902341e-01
4.583340015787629618e+00,3.307218001200228574e+00,4.190676485957665065e+00,4.102624811309308894e-01
4.592325029664010572e+00,3.273479572971243368e+00,4.165587884500488336e+00,4.262309929489689342e-01
4.601811140055292348e+00,3.239878504632649481e+00,4.140372739763061638e+00,4.419048224314696127e-01
4.611814578604066739e+00,3.206427639879307456e+00,4.115033255482035912e+00,4.572230064114081172e-01
4.622350641498139012e+00,3.173140987606647645e+00,4.089572673715091256e+00,4.721200017301094287e-01
4.633433786153588585e+00,3.140032982067637146e+00,4.063994762627553214e+00,4.865264479792377195e-01
4.645077721949691707e+00,3.107117952173394038e+00,4.038303438855606942e+00,5.003699993540684510e-01
4.657294942595838094e+00,3.074411192630041700e+00,4.012503636855534239e+00,5.135762883596930450e-01
4.670096766114988363e+00,3.041928442555959400e+00,3.986600958834043418e+00,5.263672124607521319e-01
4.683493581535056016e+00,3.009685927037490050e+00,3.973198519291551101e+00,5.411094531678782849e-01
4.697496689052487184e+00,2.977703241500623488e+00,3.964170950659668513e+00,5.565464382069073013e-01
4.712118286267530820e+00,2.945999310755871292e+00,3.943477821559911334e+00,5.711743777370994479e-01
4.727369400519496168e+00,2.914592781645645836e+00,3.924166041973456753e+00,5.848858517884913955e-01
4.743259040606829124e+00,2.883503454904015495e+00,3.906143662547572948e+00,5.975879186740618021e-01
4.759794497807575908e+00,2.852751233059288793e+00,3.889287018559278941e+00,6.091900103532806865e-01
4.776978286203946489e+00,2.822361121781381765e+00,3.873440335087362740e+00,6.196075729090232409e-01
4.794815973112849683e+00,2.792348880546771994e+00,3.858405333282452609e+00,6.287637397456472543e-01
4.813309198760403085e+00,2.762733784485746469e+00,3.843947273631667105e+00,6.365917692494220681e-01
4.832456237844082736e+00,2.733536750911769619e+00,3.829794733073294655e+00,6.430360357151775341e-01
4.852251562685771624e+00,2.704780298851956477e+00,3.815643113044360657e+00,6.480536109428473024e-01
4.872694385253041105e+00,2.676476314026829062e+00,3.815643113044360657e+00,6.500097318356746756e-01
4.893775373869340584e+00,2.648642090550253236e+00,3.815643113044360657e+00,6.469602276842580935e-01
4.915476570377158794e+00,2.621295006800275829e+00,3.816554412955011522e+00,6.444637954381688960e-01
4.937790495443193706e+00,2.594439572448761222e+00,3.818106980922893356e+00,6.434676157550887066e-01
4.960700525800251448e+00,2.568094010145409278e+00,3.819540015442244751e+00,6.438633942573811497e-01
4.984197031802271027e+00,2.542270010363235855e+00,3.809307218965754860e+00,6.455559233869166968e-01
5.008271238395528790e+00,2.516980407092050065e+00,3.794122628381213502e+00,6.484601548819398653e-01
5.032909086272201904e+00,2.492245030886434787e+00,3.778423893203909145e+00,6.524992502655929671e-01
5.058107019798011805e+00,2.468074442446790417e+00,3.762390113593917285e+00,6.576018642140546433e-01
5.083850102978559882e+00,2.444491582478442560e+00,3.746287585843135481e+00,6.637013171781461773e-01
5.110135166049439626e+00,2.421509391289317303e+00,3.730382415122490247e+00,6.707325540844902845e-01
5.136949356470496220e+00,2.399150529924862774e+00,3.714860320975993169e+00,6.786320161411231178e-01
5.164287159824437090e+00,2.377432105632165893e+00,3.714860320975993169e+00,6.857702288802705048e-01
5.192136230994519153e+00,2.356375069224396768e+00,3.714860320975993169e+00,6.758414566232958665e-01
5.220475322484181113e+00,2.335980318488006358e+00,3.717688168009078531e+00,6.568541185664779070e-01
5.249274306889969210e+00,2.316241055554542960e+00,3.725192545763345464e+00,6.408775613288587580e-01
5.278507833514794356e+00,2.297151036017365922e+00,3.735856376631432774e+00,6.280104920024033310e-01
5.308153171384272895e+00,2.278706391077387927e+00,3.732869627274927993e+00,6.181911952650406272e-01
5.338189291145559956e+00,2.260906104399381444e+00,3.724382898112663653e+00,6.114063492753698537e-01
5.368598945673626055e+00,2.243750785017775584e+00,3.715844960604267833e+00,6.076956301750892075e-01
5.399365795560226111e+00,2.227244478065068201e+00,3.707244644676770395e+00,6.071581077373128243e-01
5.430474281461879826e+00,2.211394735988752913e+00,3.698570264312806444e+00,6.099616158021780032e-01
5.461916476934702835e+00,2.196209506987939264e+00,3.689807493083438583e+00,6.163548638052117612e-01
5.493670227145143414e+00,2.181707961057168799e+00,3.679146090220018817e+00,6.266876363199672673e-01
5.525745450815278126e+00,2.167899562859044504e+00,3.653019388434537440e+00,6.414334353094269803e-01
5.558114869300044170e+00,2.154815812308087164e+00,3.628620592321730953e+00,6.622737128143028063e-01
5.590772543063081024e+00,2.142486008270623632e+00,3.607009640937265171e+00,6.882065031278504774e-01
5.623727030878654887e+00,2.130940877552200075e+00,3.587998954571066434e+00,7.112949290135249791e-01
5.656953490655339145e+00,2.120219160987324436e+00,3.570978170913365002e+00,7.295846220077660815e-01
5.690440425324886142e+00,2.110347724841671102e+00,3.555029403103414420e+00,7.422987098955862173e-01
5.724172003720767066e+00,2.101347315505420532e+00,3.555029403103414420e+00,7.488405301641696266e-01
5.758129575867267036e+00,2.093231256517192218e+00,3.555013719617035939e+00,7.488471393847685453e-01
5.792286576922737851e+00,2.086005950930944763e+00,3.555013719617035939e+00,7.422287805821476958e-01
5.826618944429194258e+00,2.079668183100438661e+00,3.556845960937507822e+00,7.291806465091118516e-01
5.861102468726780756e+00,2.074206275372938446e+00,3.561886830331187692e+00,7.101644607080797034e-01
5.895713410736006743e+00,2.069600660607731957e+00,3.571004349095492358e+00,6.858673011276689158e-01
5.930419056624376850e+00,2.065825708600054877e+00,3.567747229172971046e+00,6.574376365231660024e-01
5.965203866055875714e+00,2.062848117010581017e+00,3.576105166287130821e+00,6.319708442698903639e-01
6.000050420762177872e+00,2.060638437250529531e+00,3.598020200605717811e+00,6.131378881795898073e-01
6.034935300833709881e+00,2.059175270031557758e+00,3.619605623761239954e+00,5.975927528511266740e-01
6.069839383288032408e+00,2.058440304139538046e+00,3.640888481451117542e+00,5.848879343169691714e-01
6.104755743765825748e+00,2.058418221865737863e+00,3.661900334703344306e+00,5.747695150143793397e-01
6.139663302915899123e+00,2.059096775196811002e+00,3.682661720841855058e+00,5.670318312345458134e-01
6.174550120952617682e+00,2.060466218896997770e+00,3.703196681519551170e+00,5.615111354582431602e-01
6.209406626333895396e+00,2.062519525089010930e+00,3.723528894652532895e+00,5.580790470257903646e-01
6.244212003862526394e+00,2.065251239896027879e+00,3.743674089864077459e+00,5.566380576711273953e-01
6.278960640532533333e+00,2.068659114557029444e+00,3.763655695925648637e+00,5.571182299113590641e-01
6.313635279366334174e+00,2.072742097036250009e+00,3.783489496117957263e+00,5.594742090734526885e-01
6.348223960603216476e+00,2.077501648958785196e+00,3.803193646344593670e+00,5.635690785465203856e-01
6.382712182399310485e+00,2.082940821638671114e+00,3.822784298074531240e+00,5.627789454540218506e-01
6.417086808654070218e+00,2.089056562862535049e+00,3.842274312032222028e+00,5.530441027954335897e-01
6.451336550205708953e+00,2.095834798709762747e+00,3.861671686117458702e+00,5.433857943590100215e-01
6.485452382768223778e+00,2.103261756443620012e+00,3.880985168619454750e+00,5.346593491657213315e-01
6.519422833538081719e+00,2.111324054360907088e+00,3.900222128310723235e+00,5.268701647019231604e-01
6.553239891458271238e+00,2.120010029256782502e+00,3.919391953118174232e+00,5.200260576946934554e-01
6.586893506961908784e+00,2.129308501347709104e+00,3.938502992021533977e+00,5.141378869440735855e-01
6.620373984348146834e+00,2.139209317367551488e+00,3.957563968491322193e+00,5.092205006914598542e-01
6.653674976018215226e+00,2.149704379844845192e+00,3.976585760205734843e+00,5.052938503132258230e-01
6.686783095584284631e+00,2.160784430642479048e+00,3.995575541255058205e+00,5.023835973937020860e-01
6.719694487046767861e+00,2.172444443823482452e+00,4.014546345111372538e+00,5.005226459724104737e-01
6.752395970541030579e+00,2.184677390194412094e+00,4.033506340726805917e+00,4.997519756350516373e-01
6.784876892173421048e+00,2.197478183318139155e+00,4.052465712462208103e+00,4.990429738994565101e-01
6.817134073000025829e+00,2.210844704911850922e+00,4.071437940158158852e+00,4.945673742440452880e-01
6.849152717820229164e+00,2.224764958284241256e+00,4.090422671179372749e+00,4.890102092684087687e-01
6.880927936175615933e+00,2.239229307546395820e+00,4.109423590831071671e+00,4.835036064476495032e-01
6.912458338805674174e+00,2.254229831753654878e+00,4.128446763919998652e+00,4.780771871511724780e-01
6.943731726731464882e+00,2.269753452973442442e+00,4.147492006756085203e+00,4.727602498257967856e-01
6.974742626725241479e+00,2.285790086788938691e+00,4.166563435458428444e+00,4.675817994489643303e-01
7.005490908595614741e+00,2.302332601201463991e+00,4.185668831414210977e+00,4.625705977338236963e-01
7.035968036317783003e+00,2.319369572481306374e+00,4.204811180007970606e+00,4.577556451066065457e-01
7.066167574732080681e+00,2.336890635106776415e+00,4.223995139629411533e+00,4.531666200676250922e-01
7.096084948112419077e+00,2.354886584549940487e+00,4.243227004284737092e+00,4.488337026932959772e-01
7.125716767266277785e+00,2.373349184731051054e+00,4.262514392741730163e+00,4.448031127159770004e-01
7.155061277680057508e+00,2.392271655407034459e+00,4.281210810629093366e+00,4.423312095955897472e-01
7.184109015135717868e+00,2.411644372185068441e+00,4.298308284635162124e+00,4.417989337416084461e-01
7.212853881810735501e+00,2.431462433669366874e+00,4.315466711199563932e+00,4.406104908010796128e-01
7.241290171918756791e+00,2.451720115556765389e+00,4.332679436707152831e+00,4.384738961358114473e-01
7.269412890628450974e+00,2.472410646854810157e+00,4.349939540001518168e+00,4.353699338067701929e-01
7.297217849919780619e+00,2.493526244442614281e+00,4.367216918143452808e+00,4.312874822378209294e-01
7.324701753634436763e+00,2.515058158066716842e+00,4.384559448810503746e+00,4.262238277666692832e-01
7.351862270357310436e+00,2.536996724768386446e+00,4.401932015650666941e+00,4.201847866858805514e-01
7.378698093107314726e+00,2.559331431539276558e+00,4.419308947743509464e+00,4.131846305898148608e-01
7.405208985176437331e+00,2.582050984847406916e+00,4.436696523699517059e+00,4.052458183304186168e-01
7.431395811819825781e+00,2.605143385569290704e+00,4.454087345128360909e+00,3.965147154025213116e-01
7.457260475730933535e+00,2.628596124674139389e+00,4.472749731780575111e+00,3.906543696963059031e-01
7.482802870508938220e+00,2.652399464633157677e+00,4.493047042358462306e+00,3.885617429284448088e-01
7.508019983275536546e+00,2.676547110934459184e+00,4.513312596015502720e+00,3.861990800305796223e-01
7.532909188106367004e+00,2.701032560357324197e+00,4.533540238556689417e+00,3.833201902974940345e-01
7.557468454632062738e+00,2.725848891345023617e+00,4.553723882497397568e+00,3.799340740018904983e-01
7.581696361299687936e+00,2.750988798404177427e+00,4.573847126653634909e+00,3.760529261088443875e-01
7.605592103574460694e+00,2.776444628368357481e+00,4.593935319038260801e+00,3.716919597785218743e-01
7.629155497155932331e+00,2.802208418079684016e+00,4.613951506166112715e+00,3.668691853173266515e-01
7.652386976357010262e+00,2.828271933037301178e+00,4.633900529694531478e+00,3.616051507956231648e-01
7.675287587861859606e+00,2.854626706566001815e+00,4.653777009125344755e+00,3.559226515090669896e-01
7.697858980489474590e+00,2.881264079491031360e+00,4.673577487254320317e+00,3.503299979607749637e-01
7.720102914967600150e+00,2.908175588679321244e+00,4.695219572866211166e+00,3.464424085234594775e-01
7.742019715369913513e+00,2.935354190216266979e+00,4.716884387303864834e+00,3.430782859183527100e-01
7.763609397584001925e+00,2.962793371620580984e+00,4.738472007571999711e+00,3.397970370412937702e-01
7.784872035709407889e+00,2.990486759209391554e+00,4.759910891512194375e+00,3.366021147689423620e-01
7.805807752654397191e+00,3.018428118403021276e+00,4.781256689416399475e+00,3.334967275752722116e-01
7.826416711019254180e+00,3.046611353558028146e+00,4.802511405831413782e+00,3.304838609897360335e-01
7.846699104263322511e+00,3.075030507366077082e+00,4.823677087609037351e+00,3.275662988841293588e-01
7.866655148150500487e+00,3.103679759854086395e+00,4.844755821376743654e+00,3.247466446646486982e-01
7.886285072465507362e+00,3.132553427018970105e+00,4.865749731204339845e+00,3.220273421264326918e-01
7.905589112991235012e+00,3.161645959127898031e+00,4.886660976465162065e+00,3.194061684569154402e-01
7.924567506703931841e+00,3.190951933110687921e+00,4.907459362994936569e+00,3.168089589594645372e-01
7.943220622852067869e+00,3.220466096231117792e+00,4.928160111530593745e+00,3.141825977577811790e-01
7.961548883068068072e+00,3.250183126521207111e+00,4.948782128536343805e+00,3.115472893462719051e-01
7.979552808301401789e+00,3.280097749862798118e+00,4.969323040969033656e+00,3.089075614941638181e-01
7.997233045170989207e+00,3.310204799736589543e+00,4.989786880698233063e+00,3.062671838824874149e-01
8.014590331498212095e+00,3.340499176001201942e+00,5.010179595704799205e+00,3.036297766301060408e-01
8.031625490341795626e+00,3.370975847790758539e+00,5.030490819775028655e+00,3.009988106097853389e-01
8.048339424101778050e+00,3.401629856073335123e+00,5.050725669688107544e+00,2.983776073775569748e-01
8.064733108707098808e+00,3.432456315882411957e+00,5.070884773092164011e+00,2.957693398591114131e-01
8.080807587899981215e+00,3.463450418234516714e+00,5.090968803751673377e+00,2.931814091005619516e-01
8.096563959653071407e+00,3.494607427712909775e+00,5.110997912836765522e+00,2.909080566555513614e-01
8.112003067722801219e+00,3.525922872101519001e+00,5.130995574718964392e+00,2.889655252180114431e-01
8.127125418414324898e+00,3.557392421312023600e+00,5.150911348755117913e+00,2.867284975336190644e-01
8.141931949562598803e+00,3.589011726546328607e+00,5.170739616356784474e+00,2.841482974049293064e-01
8.156424055670214557e+00,3.620776346360656817e+00,5.190474932797983776e+00,2.812370554977954851e-01
8.170603567242435972e+00,3.652681742923954644e+00,5.210112030508526004e+00,2.780086796419692363e-01
8.184472739090526971e+00,3.684723301533559869e+00,5.229645835697552592e+00,2.744786733156256431e-01
8.198034236292562227e+00,3.716896350199364374e+00,5.249071483429080587e+00,2.706639368996873740e-01
8.211291118026824876e+00,3.749196179148666097e+00,5.268384331070894433e+00,2.665825568968114290e-01
8.224246819510334205e+00,3.781618060108721036e+00,5.287579970060395596e+00,2.622535878296649581e-01
8.236905132287725806e+00,3.814157265230705640e+00,5.306654235953066845e+00,2.580940414122090409e-01
8.249269749366874294e+00,3.846809308087693946e+00,5.328263221150722373e+00,2.557218885592016377e-01
8.261342344538890714e+00,3.879570447250032306e+00,5.349871496449871699e+00,2.539372367180576795e-01
8.273123995309470402e+00,3.912437314259423982e+00,5.371331656168833568e+00,2.521792401967488662e-01
8.284615796292778001e+00,3.945406609804928966e+00,5.392646843703693627e+00,2.504474356897208875e-01
8.295818854427322364e+00,3.978475092758623877e+00,5.413820048340769908e+00,2.487414752124725847e-01
8.306734287933046801e+00,4.011639579243750475e+00,5.434854115387677709e+00,2.470610010622665553e-01
8.317363225320280051e+00,4.044896941699811954e+00,5.455751755719516538e+00,2.454056469948779073e-01
8.327706804448714806e+00,4.078244107946725983e+00,5.476515554750674752e+00,2.437750394217311767e-01
8.337766171634500623e+00,4.111678060250095967e+00,5.497147980869176109e+00,2.421687984948854844e-01
8.347542480803548770e+00,4.145195834389340916e+00,5.517653065700957704e+00,2.405783832828004842e-01
8.357036905116446590e+00,4.178794526311562230e+00,5.538052834891589171e+00,2.383530924011227625e-01
8.366251407686169372e+00,4.212471109087949195e+00,5.558322740922942984e+00,2.351199725176058297e-01
8.375189156183378003e+00,4.246222230045045620e+00,5.578463813737131183e+00,2.320133275891078928e-01
8.383853219548505820e+00,4.280044688486584370e+00,5.598481794753954688e+00,2.291447638874555270e-01
8.392246424627600732e+00,4.313935433300550848e+00,5.618382259289975700e+00,2.265052833872030214e-01
8.400371363067797859e+00,4.347891550333571331e+00,5.638170627382321776e+00,2.240867613755442578e-01
8.408230397622713070e+00,4.381910250861885459e+00,5.657852174260926681e+00,2.218818953810693384e-01
8.415825667869686555e+00,4.415988861048761649e+00,5.677432040485878240e+00,2.198841597918050894e-01
8.423159095341194558e+00,4.450124812286321507e+00,5.696915241767726457e+00,2.180877660191087308e-01
8.430232388072518290e+00,4.484315632327393608e+00,5.716306678489591064e+00,2.164876276185259962e-01
8.437047044567421494e+00,4.518558937119601104e+00,5.735611144950599538e+00,2.150762778463745917e-01
8.443604350862029762e+00,4.552852369307715641e+00,5.755483234034589834e+00,2.136626001594302549e-01
8.449905603898578477e+00,4.587193515965175550e+00,5.776533658014555428e+00,2.120693918701584135e-01
8.455952421236473171e+00,4.621580418546479940e+00,5.797492071779052125e+00,2.104954000277368398e-01
8.461746362443346214e+00,4.656010872661267896e+00,5.818360045156339311e+00,2.089614506817354389e-01
8.467288959660429271e+00,4.690482720333059241e+00,5.839139136834239352e+00,2.074674822275007491e-01
8.472581716834529431e+00,4.724993848467388347e+00,5.859830894260959155e+00,2.060134206393595679e-01
8.477626109004619437e+00,4.759542187338172248e+00,5.880436853575403688e+00,2.045991814937025977e-01
8.482423581639286780e+00,4.794125709093341570e+00,5.900958539565587913e+00,2.032246718336602476e-01
8.486975550021510273e+00,4.828742426280733469e+00,5.921397465653899239e+00,2.018897926611146754e-01
8.491283392021040655e+00,4.863390335279746068e+00,5.941755101602373301e+00,2.005944414039871060e-01
8.495348447908455114e+00,4.898067400748362665e+00,5.962032866069561621e+00,1.993381856972048227e-01
8.499172065589103653e+00,4.932771956668460689e+00,5.982228827574297192e+00,1.980813836859326438e-01
8.502755581266255192e+00,4.967502147009831504e+00,6.002345601928266383e+00,1.967744054878377280e-01
8.506100409888114555e+00,5.002256167213540827e+00,6.022386919003643868e+00,1.954716427746061858e-01
8.509207974871211277e+00,5.037032236677123187e+00,6.042354674199446940e+00,1.941812092174658166e-01
8.512079698660860672e+00,5.071828607052514926e+00,6.062250580085325247e+00,1.929035062945505252e-01
8.514717001770007343e+00,5.106643561764990125e+00,6.082076174351654707e+00,1.916389145431374452e-01
8.517121298525717421e+00,5.141475364794803049e+00,6.101832626494499756e+00,1.903877953639703802e-01
8.519293995484478188e+00,5.176322219717379269e+00,6.121508049349611014e+00,1.891504877233454729e-01
8.521236516007585138e+00,5.211182697148724507e+00,6.141111847492556564e+00,1.879273106650815872e-01
8.522950264021282862e+00,5.246055203939622658e+00,6.160644793982380740e+00,1.867185630289785736e-01
8.524436637245800696e+00,5.280938176086610980e+00,6.180107663106734428e+00,1.855245359202573052e-01
8.525697026427499381e+00,5.315830077587012426e+00,6.199504904338080991e+00,1.843537292628240620e-01
8.526732804616910855e+00,5.350729400068454211e+00,6.218861717538351819e+00,1.832197027618921170e-01
8.527545310452154581e+00,5.385634670402616564e+00,6.238149022200138560e+00,1.820996025001477281e-01
8.528135872569764686e+00,5.420544241942784502e+00,6.257368400591104773e+00,1.809890253921265513e-01
8.528505824914924816e+00,5.455456828609583475e+00,6.276521474480925455e+00,1.798882784624228903e-01
8.528656494986071479e+00,5.490371086559747482e+00,6.295609680780879458e+00,1.787976516662243276e-01
8.528589205661244677e+00,5.525285642014305942e+00,6.314634293453576852e+00,1.777174219061741223e-01
8.528305275656911988e+00,5.560199145623665906e+00,6.333596459069465112e+00,1.766478525920265052e-01
8.527806018912752251e+00,5.595110272042373545e+00,6.352497202095126916e+00,1.755891935185457109e-01
8.527092744002427338e+00,5.630017719496530404e+00,6.371336290572665817e+00,1.745416833990320327e-01
8.526166759670953610e+00,5.664920002999680904e+00,6.390104434750822904e+00,1.735055465975827438e-01
8.525029360157290625e+00,5.699816026050199547e+00,6.408810051387984430e+00,1.724960419045552529e-01
8.523681815528060923e+00,5.734704593157603725e+00,6.427413665169065204e+00,1.715725586465072505e-01
8.522125298324398912e+00,5.769584499253029186e+00,6.445951678631985260e+00,1.706700900121599085e-01
8.520360961944152933e+00,5.804454558059751079e+00,6.464428381151114955e+00,1.697605377581591912e-01
8.518389974729359437e+00,5.839313602011036330e+00,6.482843900317392105e+00,1.688443397359901399e-01
8.516213523566607435e+00,5.874160416306680510e+00,6.501194422527676764e+00,1.679219468109017233e-01
8.513832821442942844e+00,5.908993649927405833e+00,6.519483603007262040e+00,1.669938007911341837e-01
8.511249061732572230e+00,5.943812457564211726e+00,6.537715791584591152e+00,1.660603357824948223e-01
8.508463465031008255e+00,5.978615754946178029e+00,6.555895028245349643e+00,1.651219764932011780e-01
8.505477262947149342e+00,6.013402478583641297e+00,6.574007831708580163e+00,1.641791423039480613e-01
8.502291697361775036e+00,6.048171585769087422e+00,6.592059081352886984e+00,1.632322447573296420e-01
8.498908019698353300e+00,6.082922054559267266e+00,6.610050224605261704e+00,1.614652013423429622e-01
8.495328526901046118e+00,6.117652545819771248e+00,6.601864326143365602e+00,1.495813382887384302e-01
8.491567692867320716e+00,6.152363949293586209e+00,6.579487239101897700e+00,1.309129887093858635e-01
8.487648230227696544e+00,6.187057891885793026e+00,6.557047039089965779e+00,1.121989121101403669e-01
8.483592878790306102e+00,6.221736295224665980e+00,6.534542324156577209e+00,9.356516256569148704e-02
8.479424253950533341e+00,6.256401329006179068e+00,6.511971507944411819e+00,7.500615780150322875e-02
8.475164860995228366e+00,6.291055334099351803e+00,6.489332866952889134e+00,5.651455977795644819e-02
8.470837125171136961e+00,6.325700645721711091e+00,6.466624654369315550e+00,3.808156848117435350e-02
8.466463318655589987e+00,6.360340251893637387e+00,6.443844665963512242e+00,1.969734773132170505e-02
8.462065683550834549e+00,6.394976897424852424e+00,6.420990824670834485e+00,1.351357292633099689e-03
8.457666410488974051e+00,6.429613364769801720e+00,6.398060996503858178e+00,-1.696720125230377282e-02
8.453287656671690797e+00,6.464252434984279816e+00,6.375053015583462823e+00,-3.521936485216704826e-02
8.448951507451178955e+00,6.498896811228867421e+00,6.349681919871428271e+00,-5.028889596739335999e-02
8.444676200983298742e+00,6.533548692249687484e+00,6.319445819843285683e+00,-6.031275241307343382e-02
8.440473873822320172e+00,6.568209499076733238e+00,6.289069091751239071e+00,-6.986966746923548022e-02
8.436356110763563620e+00,6.602880475083130918e+00,6.258551213781862188e+00,-7.940069263450921788e-02
8.432334474842383187e+00,6.637562777887679566e+00,6.227886890417002164e+00,-8.890024298632205613e-02
8.428420501450023750e+00,6.672257468070731612e+00,6.197066036443246162e+00,-9.836232898717281459e-02
8.424625726693209415e+00,6.706965173784417367e+00,6.166112994852873008e+00,-1.077805679024437108e-01
8.420961587402340243e+00,6.741686914380840889e+00,6.135025549992175087e+00,-1.171481359787953092e-01
8.417439491219477432e+00,6.776423403673454970e+00,6.103801586453370120e+00,-1.264577673198992447e-01
8.414070790131692235e+00,6.811175191320018030e+00,6.072438952445594396e+00,-1.357016843191090616e-01
8.410866768380037328e+00,6.845942675797195065e+00,6.040935436697556504e+00,-1.448715622233117672e-01
8.407838663884511732e+00,6.880725717905269434e+00,6.009289109184338784e+00,-1.528320602141878815e-01
8.404996215230513101e+00,6.915524313760151642e+00,5.977715428844149415e+00,-1.557096975301945907e-01
8.402342979115392296e+00,6.950338014471678427e+00,5.946004241012547098e+00,-1.572413836917108398e-01
8.399880904333359766e+00,6.985165847627679447e+00,5.914140039307368646e+00,-1.588578384360508911e-01
8.397612037383462180e+00,7.020006820704685957e+00,5.882116045874434818e+00,-1.605605151443780521e-01
8.395538527269632567e+00,7.054859863487221716e+00,5.849925419460043408e+00,-1.623509591177118849e-01
8.393662612139625168e+00,7.089724091239467008e+00,5.817560999644031838e+00,-1.642308771366267628e-01
8.391986638437966661e+00,7.124598554239573112e+00,5.785015523546551464e+00,-1.662021375715368732e-01
8.390513065917431845e+00,7.159482135031523420e+00,5.752281710250634283e+00,-1.682667681733727161e-01
8.389244461393303709e+00,7.194373680159558582e+00,5.719352126286695537e+00,-1.704269620754780279e-01
8.388183496122394445e+00,7.229272176628998459e+00,5.686219003897471147e+00,-1.726850852516840229e-01
8.387332955898429532e+00,7.264176645768272600e+00,5.652874323135790746e+00,-1.752358211154359247e-01
8.386695991410801909e+00,7.299085415833909352e+00,5.622981473304817790e+00,-1.814096712133028144e-01
8.386280147452204403e+00,7.333997267863818337e+00,5.595980021134222326e+00,-1.905144234646625745e-01
8.386096533669897823e+00,7.368911277905849211e+00,5.568850638834622835e+00,-1.993299193067787634e-01
8.386155908083825494e+00,7.403825925198586511e+00,5.541605952369068611e+00,-2.076950333203713972e-01
8.386468458199054510e+00,7.438738551755299966e+00,5.514259632118903021e+00,-2.155641069313237179e-01
8.387043757936739397e+00,7.473647864388023976e+00,5.486824373907679409e+00,-2.228959536909442540e-01
8.387890719691538877e+00,7.508552005228033011e+00,5.459313339961800793e+00,-2.296545682857931980e-01
8.389017549780668048e+00,7.543448990690484024e+00,5.431739754870883452e+00,-2.358094581178066806e-01
8.390431635221196061e+00,7.578335015325460056e+00,5.404118188687716540e+00,-2.413361546209152053e-01
8.392139541519703982e+00,7.613206344885118604e+00,5.376435209390610481e+00,-2.462166924351650299e-01
8.394147199951616400e+00,7.648062629417730740e+00,5.348785667086744411e+00,-2.504396702316733503e-01
8.396459675723313865e+00,7.682901699604141932e+00,5.321501802026034511e+00,-2.538396209270648018e-01
8.399080777832931943e+00,7.717718174409649023e+00,5.300975072567042368e+00,-2.564894539218617320e-01
8.402013430565155261e+00,7.752508270181867722e+00,5.280464385878208766e+00,-2.595277827231882162e-01
8.405261365432361131e+00,7.787272120899787708e+00,5.259953674840157412e+00,-2.631540601337972740e-01
8.408828659970840391e+00,7.822005470735200028e+00,5.239429775713633219e+00,-2.673706303401808815e-01
8.412719761314590983e+00,7.856701537274429548e+00,5.218881236176783567e+00,-2.721854724454884633e-01
8.416940564872604114e+00,7.891360371948962893e+00,5.198292674499654709e+00,-2.776119636980238226e-01
8.421497161109732232e+00,7.925977062949722374e+00,5.177651663421681150e+00,-2.836689062217240265e-01
8.426396262273891935e+00,7.960546079011504794e+00,5.156946083941895687e+00,-2.903803224880081579e-01
8.431645652622602682e+00,7.995064086371637124e+00,5.136162346699570058e+00,-2.977756629076063755e-01
8.437253558990011726e+00,8.029525221812784608e+00,5.115288135242229473e+00,-3.058901965270789391e-01
8.443229306090612951e+00,8.063925177468172834e+00,5.094309859900523207e+00,-3.147615300707682362e-01
8.449582702269999857e+00,8.098257185382243151e+00,5.073554504449481861e+00,-3.227756034681014685e-01
8.456322366443760785e+00,8.132514261323544602e+00,5.052584810270902338e+00,-3.270060959322980687e-01
8.463452958301608930e+00,8.166693370177274147e+00,5.031725746799741827e+00,-3.306683459522721247e-01
8.470977639969744288e+00,8.200787719537528275e+00,5.010990052958796070e+00,-3.344100417634039979e-01
8.478899686914594724e+00,8.234791068612491216e+00,4.990390148021800698e+00,-3.382294922367348189e-01
8.487222818816006153e+00,8.268698897853111518e+00,4.969937381956353484e+00,-3.421247873559474240e-01
8.495950553835349695e+00,8.302505540726786037e+00,4.949643756174114451e+00,-3.460936903308161616e-01
8.505085957131063523e+00,8.336203522086705675e+00,4.929522298147539949e+00,-3.501335970249479512e-01
8.514632422369208697e+00,8.369786641103120317e+00,4.909585161876728776e+00,-3.542416398050095006e-01
8.524593981325969239e+00,8.403250703077388195e+00,4.889843113683885356e+00,-3.584145550123912227e-01
8.534973354536301571e+00,8.436586947821391291e+00,4.870309445672559967e+00,-3.626486865376515323e-01
8.545773789155607147e+00,8.469788517790981075e+00,4.851003387507054398e+00,-3.669736518153270954e-01
8.556998692353985803e+00,8.502848889119968945e+00,4.832335137842362016e+00,-3.731585613604049834e-01
8.568653642808014226e+00,8.535760998968518365e+00,4.814883290541362548e+00,-3.817668099362091505e-01
8.580746032215673225e+00,8.568514273310359641e+00,4.798633958801369559e+00,-3.899587067749532010e-01
8.593283190078594203e+00,8.601099775490665067e+00,4.783496353648049038e+00,-3.974356224453808317e-01
8.606271384659024193e+00,8.633508408901972686e+00,4.769353383510444466e+00,-4.041441722581959328e-01
8.619715427891501136e+00,8.665730206187124196e+00,4.756060953568078453e+00,-4.100373385882106758e-01
8.633619381165868134e+00,8.697756265991799296e+00,4.743447163830765589e+00,-4.150755007765070670e-01
8.647986221983421373e+00,8.729577993336603114e+00,4.731314071650475128e+00,-4.192272947669046235e-01
8.662817299287254968e+00,8.761186045963491154e+00,4.719441085727273943e+00,-4.224702350470171952e-01
8.678112341719790734e+00,8.792570613654696388e+00,4.719441085727273943e+00,-4.247913109583159597e-01
8.693871569376499409e+00,8.823725716338053360e+00,4.711712022016725676e+00,-4.261871415859391776e-01
8.710093444417891462e+00,8.854644413163242689e+00,4.711712022016725676e+00,-4.259160785127648063e-01
8.726772200897542575e+00,8.885316452134848220e+00,4.711811340591620656e+00,-4.164292175518050643e-01
8.743895858416939504e+00,8.915744046039819182e+00,4.715205421511787343e+00,-4.032996826396283985e-01
8.761446492674679121e+00,8.945927892527341996e+00,4.722516508889569309e+00,-3.931093484134761673e-01
8.779409517086801173e+00,8.975867617858959591e+00,4.732365243396091437e+00,-3.857971058093169758e-01
8.797774778831435327e+00,9.005563600176765604e+00,4.743721360825767341e+00,-3.812697152984665383e-01
8.816532860502709568e+00,9.035011123457723059e+00,4.732100665447126708e+00,-3.795184205372673092e-01
8.835678783469658626e+00,9.064206451899746497e+00,4.711017482701429060e+00,-3.806230693661145081e-01
8.855213837164141566e+00,9.093148958576158236e+00,4.689519791744428012e+00,-3.847626203805302181e-01
8.875134752928309112e+00,9.121824675147523820e+00,4.668720429320818432e+00,-3.922339040467301974e-01
8.895444929281239865e+00,9.150222701624411314e+00,4.649447273203209718e+00,-4.034815901003130367e-01
8.916151739394852171e+00,9.178329959815505035e+00,4.632828339465807410e+00,-4.191474683363380360e-01
8.937268964388131565e+00,9.206132967931036859e+00,4.619666270731784152e+00,-4.366621894238014723e-01
8.958809347036716275e+00,9.233613021789484065e+00,4.609121067495515867e+00,-4.433522227627088030e-01
8.980771165807340140e+00,9.260754681979397773e+00,4.609121067495515867e+00,-4.453846385772251559e-01
9.003151095628012968e+00,9.287550053612692480e+00,4.608084938321914237e+00,-4.455850885089080449e-01
9.025948359349129646e+00,9.313997719237853801e+00,4.608084938321914237e+00,-4.436783436064023478e-01
9.049153276391495027e+00,9.340089797932838778e+00,4.608763871711540894e+00,-4.393715046387668965e-01
9.072753897249967281e+00,9.365820813570385539e+00,4.610883545886820478e+00,-4.323568114116818628e-01
9.096736571896489210e+00,9.391188804664540868e+00,4.615165734466200931e+00,-4.223127750270858627e-01
9.121095220327191555e+00,9.416205121185061699e+00,4.622262193931596208e+00,-4.089080828583486760e-01
9.145807249190017529e+00,9.440869832659441130e+00,4.606400738293261909e+00,-3.918065914350338241e-01
9.170853233199544263e+00,9.465193103826988974e+00,4.583127375918307322e+00,-3.823217947885425017e-01
9.196221730088451451e+00,9.489179979048824265e+00,4.561117101419278619e+00,-4.070026006895208215e-01
9.221929186395966482e+00,9.512804578846292713e+00,4.543727901983991124e+00,-4.335942671860298359e-01
9.247989639624780267e+00,9.536035825662757759e+00,4.529836860410623167e+00,-4.521020583345711219e-01
9.274414820184667008e+00,9.558853973210545973e+00,4.529836860410623167e+00,-4.611226005795210914e-01
9.301202957956236972e+00,9.581242952784322142e+00,4.529836860410623167e+00,-4.601080836394856877e-01
9.328350078507037679e+00,9.603200980793182850e+00,4.530194254660893982e+00,-4.494579783842130305e-01
9.355833532602009228e+00,9.624726511481176416e+00,4.534071545749627674e+00,-4.304112180751676342e-01
9.383641939102806973e+00,9.645840132117067256e+00,4.543308757952272181e+00,-4.048191398962881493e-01
9.411741738702229298e+00,9.666555508575870093e+00,4.558503541318319918e+00,-3.838021722306172445e-01
9.440126727758009650e+00,9.686899714820430773e+00,4.577278657926202143e+00,-3.824457269087069844e-01
9.468768610376654848e+00,9.706854565341462404e+00,4.594945420253734980e+00,-3.842610088692940407e-01
9.497679976270587687e+00,9.726426369839693109e+00,4.611485076830799557e+00,-3.862800801818956353e-01
9.526854822736474659e+00,9.745607901443396059e+00,4.621614250261742995e+00,-3.884744083646908819e-01
9.556287593274984005e+00,9.764392230554873819e+00,4.631398980955627742e+00,-3.908175837626785554e-01
9.585973450943582108e+00,9.782772883124541963e+00,4.640995593841224398e+00,-3.932853033639940876e-01
9.615908056123931402e+00,9.800743671834903026e+00,4.650417069198685915e+00,-3.958550300628752017e-01
9.646087395262519237e+00,9.818298579048267527e+00,4.659674980489545426e+00,-3.985056890827977094e-01
9.676507649547696488e+00,9.835431678402418498e+00,4.668779671008934429e+00,-4.012174126671268493e-01
9.707165095158471146e+00,9.852137085284944362e+00,4.677740405184308337e+00,-4.021879030786948972e-01
9.738055522722353530e+00,9.868411115062775352e+00,4.686566748528615989e+00,-3.929391733436076173e-01
9.769167855270486811e+00,9.884260596146738465e+00,4.695273660779725411e+00,-3.820438162705250829e-01
9.800490274719075856e+00,9.899694339163483292e+00,4.703877060724443560e+00,-3.737879502626380024e-01
9.832005064977071385e+00,9.914714954729561214e+00,4.712389356554793629e+00,-3.678917174089309516e-01
9.863712807167091867e+00,9.929330771635671127e+00,4.720826332396175218e+00,-3.641415180326280643e-01
9.895605640218748889e+00,9.943543096289856109e+00,4.729200148092409961e+00,-3.623846556296771992e-01
9.927675000738373612e+00,9.957350432363083925e+00,4.737521759530572751e+00,-3.625199018789035388e-01
9.959915285326665924e+00,9.970750232931401058e+00,4.745802078328342333e+00,-3.644901614718842331e-01
9.992324643143424723e+00,9.983739130349533752e+00,4.754052319493432321e+00,-3.682784067109715620e-01
1.002489787898905504e+01,9.996310052010567659e+00,4.762282344731290529e+00,-3.739056499398107913e-01
1.005763294624884807e+01,1.000845485451173289e+01,4.770502468354631986e+00,-3.814252406452531829e-01
1.009052658505131284e+01,1.002016254633147874e+01,4.778722481025025282e+00,-3.876040653255817814e-01
1.012357394732515381e+01,1.003142345175771233e+01,4.786949391589075731e+00,-3.859128901833159264e-01
1.015677188927049990e+01,1.004223867406329695e+01,4.795184390878695524e+00,-3.826561221954287717e-01
1.019011096487579060e+01,1.005260927853259290e+01,4.803426081402323078e+00,-3.792341284446720251e-01
1.022358356259701750e+01,1.006253729342839875e+01,4.811673552064710258e+00,-3.756569530986641481e-01
1.025718353832485263e+01,1.007202546208568172e+01,4.819926279077863640e+00,-3.719346560265916479e-01
1.029090514792395084e+01,1.008107684965960260e+01,4.828183858232703685e+00,-3.680774155218505816e-01
1.032473957094139472e+01,1.008969394564713618e+01,4.836445155068917146e+00,-3.640954437317598380e-01
1.035868020256332578e+01,1.009788010357319621e+01,4.844709601134111310e+00,-3.599989058444416634e-01
1.039272146121207108e+01,1.010563911742436893e+01,4.852976896205108304e+00,-3.557977617831440953e-01
1.042685720602255373e+01,1.011297481727323166e+01,4.861246621491395636e+00,-3.515018590276710597e-01
1.046107988500114772e+01,1.011989093226920566e+01,4.869518035021517477e+00,-3.471378197540649913e-01
1.049538338134196991e+01,1.012639167264131146e+01,4.881015525659803345e+00,-3.432178033106744186e-01
1.052976234893667495e+01,1.013248089708349475e+01,4.896819589207620282e+00,-3.396548872396534247e-01
1.056421188139833056e+01,1.013816213229174679e+01,4.912595071342268582e+00,-3.357153429347695117e-01
1.059872524424428875e+01,1.014343912774391043e+01,4.928336795129473202e+00,-3.313703436922069145e-01
1.063329718369069532e+01,1.014831644808319666e+01,4.944040322192788217e+00,-3.266369874194681167e-01
1.066792254120311512e+01,1.015279919454479618e+01,4.959701319591697910e+00,-3.215342607809803521e-01
1.070259618019283288e+01,1.015689297084028375e+01,4.975315531606590902e+00,-3.160828682490784414e-01
1.073731275595214818e+01,1.016060383692285995e+01,4.990878682035512881e+00,-3.103049572980119963e-01
1.077206751556490261e+01,1.016393836976464193e+01,5.006386837646066290e+00,-3.042238432308462803e-01
1.080685594719979470e+01,1.016690357941480727e+01,5.021836251476626600e+00,-2.978637259937788606e-01
1.084167358814533699e+01,1.016950685902274110e+01,5.037223280045255436e+00,-2.912495200138183749e-01
1.087651505597468038e+01,1.017175590032645260e+01,5.052543961943455564e+00,-2.839132633498417935e-01
1.091137758853217399e+01,1.017365949182938856e+01,5.074847581622636383e+00,-2.739392358763067525e-01
1.094625710730267620e+01,1.017522957446681708e+01,5.097736127381516269e+00,-2.634330807779249328e-01
1.098114972864700079e+01,1.017647878618111967e+01,5.120499099160735312e+00,-2.532938911048700503e-01
1.101605152598899195e+01,1.017741935901329242e+01,5.143143958239630997e+00,-2.434992448817591693e-01
1.105096025367340751e+01,1.017806318055293247e+01,5.165679047496554155e+00,-2.340265101972151540e-01
1.108587317869864108e+01,1.017842174589886817e+01,5.188112204231270397e+00,-2.248533615061079627e-01
1.112078769127874978e+01,1.017850621154497759e+01,5.210451186659083689e+00,-2.159578350135228086e-01
1.115570198827183823e+01,1.017832741703680277e+01,5.232704135185390015e+00,-2.073182375671527300e-01
1.119061428870881514e+01,1.017789589954344542e+01,5.254879094020827424e+00,-1.989131180028026191e-01
1.122552256511060698e+01,1.017722193064045300e+01,5.276983870054134051e+00,-1.907212262627200616e-01
1.126042514688281848e+01,1.017631553678444511e+01,5.299026444105833455e+00,-1.827180052746310568e-01
1.129532141773621312e+01,1.017518649572040879e+01,5.324898905962430540e+00,-1.746269369499262036e-01
1.133021062173508753e+01,1.017384469413022074e+01,5.358660232291537540e+00,-1.660362040969427799e-01
1.136509099714742810e+01,1.017230067973994068e+01,5.392258745920059937e+00,-1.571061065269084012e-01
1.139996217859109073e+01,1.017056537095145430e+01,5.425685711861373051e+00,-1.478917773815326964e-01
1.143482397345683133e+01,1.016865002484330383e+01,5.458932618036561379e+00,-1.384270153968159833e-01
1.146967637287271025e+01,1.016656619461070399e+01,5.491991216647380547e+00,-1.287467682758746124e-01
1.150451888667994638e+01,1.016432573024051500e+01,5.524852928501690741e+00,-1.188867385270024057e-01
1.153935178678683826e+01,1.016194065977786209e+01,5.557510052510226117e+00,-1.088830386288054120e-01
1.157417557517405804e+01,1.015942317093619884e+01,5.589955282594835317e+00,-9.877181325899635211e-02
1.160899075463142260e+01,1.015678558275788390e+01,5.622181519670515826e+00,-8.858910374065250004e-02
1.164379671857316190e+01,1.015404039268980618e+01,5.654180883001175495e+00,-7.837034318120854326e-02
1.167859522677428608e+01,1.015119996054989748e+01,5.685947934798765147e+00,-6.692101069486897091e-02
1.171338794691426166e+01,1.014827814928329452e+01,5.677408105388716208e+00,-4.733660545555504195e-02
1.174817583211278560e+01,1.014529883418376954e+01,5.660616988062617594e+00,-2.463096129257037747e-02
1.178296075962649780e+01,1.014228963602387701e+01,5.643783288992008984e+00,-2.058619870302344761e-03
1.181774589373118545e+01,1.013927790101993942e+01,5.626891482187543758e+00,2.056709931607583405e-02
1.185253305069098140e+01,1.013629115739177600e+01,5.609926446941560840e+00,4.344528439630005595e-02
1.188732393366135653e+01,1.013335724964889017e+01,5.592872748896144941e+00,6.678107740037685092e-02
1.192212158062271143e+01,1.013050446748307287e+01,5.575713793901399207e+00,9.079072185752042057e-02
1.195692993904627421e+01,1.012776186237013221e+01,5.558431874505106229e+00,1.157055404590264236e-01
1.199174854507957377e+01,1.012515994506709838e+01,5.541010662924888308e+00,1.417775402310602617e-01
1.202657877937430619e+01,1.012273047579413898e+01,5.523431955411759020e+00,1.692854019083719352e-01
1.206142184629826986e+01,1.012050697070484517e+01,5.505676473461589282e+00,1.982183976233993505e-01
1.209627861010428340e+01,1.011852469758180106e+01,5.483185536337487953e+00,2.140746335167718062e-01
1.213115017069730683e+01,1.011680295407850494e+01,5.452693087995580612e+00,2.097959164536058463e-01
1.216603534418542587e+01,1.011533660874187213e+01,5.421744513265728926e+00,2.039314975274376662e-01
1.220092955249882394e+01,1.011411871410459007e+01,5.390314423099398233e+00,1.979804593595633211e-01
1.223583091549479285e+01,1.011314206661364068e+01,5.358372629650434149e+00,1.919159640052269800e-01
1.227073761003330787e+01,1.011239931276186432e+01,5.325886106053864921e+00,1.857062191807461182e-01
1.230564781764003435e+01,1.011188290994284600e+01,5.292818644710949094e+00,1.793135580837521836e-01
1.234055965753163875e+01,1.011158507851532917e+01,5.259130464232396385e+00,1.726928348195954366e-01
1.237547477464905654e+01,1.011149774463152617e+01,5.224774104415759624e+00,1.657897648659816259e-01
1.241039222629891192e+01,1.011161253548594630e+01,5.189699606315461899e+00,1.585388160871458452e-01
1.244530737204910587e+01,1.011192060675600146e+01,5.153855115653475316e+00,1.542998233070777825e-01
1.248021597591958454e+01,1.011241670810942495e+01,5.120621604221611278e+00,1.722826219216321564e-01
1.251511973699457769e+01,1.011312273765122960e+01,5.087444506904811092e+00,1.980743915066549288e-01
1.255002201371439696e+01,1.011407023636412994e+01,5.053789487501630262e+00,2.209942639456522195e-01
1.258491373448522843e+01,1.011528692694266596e+01,5.019824174590349131e+00,2.397223588395264726e-01
1.261979603797166760e+01,1.011679568975199395e+01,4.985607415863285041e+00,2.532978144680976818e-01
1.265465911605859795e+01,1.011861262967500430e+01,4.951640405663023436e+00,2.612307335958000687e-01
1.268950625612307270e+01,1.012074756746313220e+01,4.917756566248820072e+00,2.635401724829953274e-01
1.272433573079702462e+01,1.012320329387182838e+01,4.884210561609905632e+00,2.606983392242905317e-01
1.275914374032007537e+01,1.012597614787719635e+01,4.851131200909152952e+00,2.535035951247364694e-01
1.279392237298252510e+01,1.012905668488898847e+01,4.818566882508670268e+00,2.441528865924278702e-01
1.282867385917199421e+01,1.013243361768281225e+01,4.780275366481127719e+00,2.388731361082888638e-01
1.286339404420379751e+01,1.013610005649483448e+01,4.742546587279664827e+00,2.372132027714589364e-01
1.289808098607385034e+01,1.014005371607503925e+01,4.705233342903220262e+00,2.380342696113571244e-01
1.293273562336510629e+01,1.014429571144876441e+01,4.668204953896744058e+00,2.410549800718037317e-01
1.296735569890249096e+01,1.014882952826199158e+01,4.631347991136254727e+00,2.461253733576789504e-01
1.300193738457684134e+01,1.015366095384101008e+01,4.594560161165900602e+00,2.531951325359581562e-01
1.303647365875977293e+01,1.015879771645878549e+01,4.557748696268486555e+00,2.622967890479698805e-01
1.307095926310226019e+01,1.016425020304205873e+01,4.520822378143401821e+00,2.735393669235655634e-01
1.310539305606761395e+01,1.017003210374954492e+01,4.483686573756257232e+00,2.871086909447242985e-01
1.313976642239599890e+01,1.017615876116400031e+01,4.446253444480905870e+00,3.032748202132392046e-01
1.317407340268903404e+01,1.018264912582905701e+01,4.408428885511018969e+00,3.220917100252244647e-01
1.320830562192037938e+01,1.018952497253018485e+01,4.373066768935042425e+00,3.383094325899793642e-01
1.324245217136326858e+01,1.019680424424563547e+01,4.339521520182606729e+00,3.506179880570463037e-01
1.327650611676339842e+01,1.020450074651927252e+01,4.305563572398860117e+00,3.624490496765395142e-01
1.331046207827927930e+01,1.021262807189980393e+01,4.271195673876447607e+00,3.738458148631335076e-01
1.334430895759329694e+01,1.022119788954646502e+01,4.236427063789257375e+00,3.847228210537156357e-01
1.337803691827530983e+01,1.023022136763783152e+01,4.201266592052204984e+00,3.949945113403633967e-01
1.341163687513097713e+01,1.023970901193035310e+01,4.165723182771252198e+00,4.045774143752975949e-01
1.344509946056853167e+01,1.024967030630790532e+01,4.129806904097342191e+00,4.133916703268914472e-01
1.347841559832427016e+01,1.026011377730526952e+01,4.093528366598514268e+00,4.213624865947518394e-01
1.351157408443420316e+01,1.027104610414573038e+01,4.056901392735802858e+00,4.284220248104528839e-01
1.354456518901010398e+01,1.028247312557427051e+01,4.019939117516374338e+00,4.345115123732892215e-01
1.357737935112788641e+01,1.029439938644059538e+01,3.982799242273741491e+00,4.407064246874826119e-01
1.361000658795511598e+01,1.030682931015734738e+01,3.946920760333983313e+00,4.499197574504499864e-01
1.364243406103403089e+01,1.031977002251666420e+01,3.910746766133605945e+00,4.601687648474701020e-01
1.367464950893175413e+01,1.033323006932503141e+01,3.874260480593846978e+00,4.708660754392701708e-01
1.370663943328257162e+01,1.034721794683030893e+01,3.837445741465485227e+00,4.820033051009799951e-01
1.373838944791003058e+01,1.036174218407746572e+01,3.800286602906810085e+00,4.935694028031222258e-01
1.376988440670566050e+01,1.037681135368703522e+01,3.762767169391582733e+00,5.055501834394080518e-01
1.380110842879065913e+01,1.039243404203317489e+01,3.724871545259241579e+00,5.179277982360434018e-01
1.383204486742300787e+01,1.040861878841653265e+01,3.686583856283633054e+00,5.306801366616549220e-01
1.386267609464235839e+01,1.042537391164002258e+01,3.647888517008087916e+00,5.437802205575731351e-01
1.389298363782246959e+01,1.044270750284106697e+01,3.608770082908047350e+00,5.571955913701919227e-01
1.392294817915425931e+01,1.046062734450076093e+01,3.569213276057719320e+00,5.709218960403528165e-01
1.395254976307386663e+01,1.047914100019138317e+01,3.538287805510184736e+00,5.854917945811716207e-01
1.398176682504353785e+01,1.049825593991463180e+01,3.512026256770752752e+00,6.013567364482944599e-01
1.401057603035539145e+01,1.051798000415294254e+01,3.485543509066445722e+00,6.184342504661677342e-01
1.403895241189551335e+01,1.053832130751777640e+01,3.458825420043247778e+00,6.367248009511310425e-01
1.406686926728250420e+01,1.055928810654353001e+01,3.431858199974020529e+00,6.562267762263530591e-01
1.409429910592314705e+01,1.058088949696463388e+01,3.404627431714640107e+00,6.769298696330192655e-01
1.412121081145010493e+01,1.060313313008072456e+01,3.377120853081164498e+00,6.988121224450929425e-01
1.414757158113634894e+01,1.062602647879305806e+01,3.349326564012659269e+00,7.218362843292743802e-01
1.417334678624614952e+01,1.064957659873263296e+01,3.321233210157083615e+00,7.459464537783631055e-01
1.419849970821277907e+01,1.067378970232228852e+01,3.292830366679852627e+00,7.710639069533437029e-01
1.422299153349446321e+01,1.069867087540343498e+01,3.264108724687255769e+00,7.970081403468061154e-01
1.424678228030523996e+01,1.072422461036857122e+01,3.241115945840670420e+00,8.183301451392923642e-01
1.426983329920201804e+01,1.075044758893009345e+01,3.231585674179359380e+00,8.315989391287191834e-01
1.429211316100044549e+01,1.077732853343693442e+01,3.222003013968039120e+00,8.450923819846078988e-01
1.431359013643900902e+01,1.080485489670589949e+01,3.212366859423865240e+00,8.596295206524208199e-01
1.433423126523278057e+01,1.083301319908138360e+01,3.202676363066475851e+00,8.751607130627095943e-01
1.435400238446315235e+01,1.086178881640380744e+01,3.185422407075483076e+00,8.916206118929390634e-01
1.437286818917828590e+01,1.089116575445983948e+01,3.162987849630086501e+00,9.089255780139503527e-01
1.439079233087989174e+01,1.092112641239999071e+01,3.141230035751715555e+00,9.269710516540737855e-01
1.440773761491573524e+01,1.095165144210999664e+01,3.120283340112119053e+00,9.456290163397137460e-01
1.442366624399766017e+01,1.098271965146147267e+01,3.100279836520967169e+00,9.647454327843802968e-01
1.443853944185199012e+01,1.101430649407125273e+01,3.081335985275951650e+00,9.840764526191313477e-01
1.445231872156933761e+01,1.104638547943845595e+01,3.079910489482166724e+00,9.968444579998797517e-01
1.446497340088909667e+01,1.107892458093072818e+01,3.079910489482166724e+00,9.977676008640311567e-01
1.447648705895120891e+01,1.111188468445883970e+01,3.074451161819562905e+00,9.987607738110968469e-01
1.448684456797199616e+01,1.114522614635789743e+01,3.074451161819562905e+00,1.001314912900344467e+00
1.449603033101280580e+01,1.117890923922643687e+01,3.059314341193785314e+00,1.005468956473883013e+00
1.450402819415133138e+01,1.121289395189720217e+01,3.048151079961865850e+00,1.011249887644330325e+00
1.451082139165836082e+01,1.124713977152510580e+01,3.034684011440850870e+00,1.018671852946230638e+00
1.451639252731927598e+01,1.128160545075029475e+01,3.019029919253056082e+00,1.027734746227798146e+00
1.452072359557480929e+01,1.131624876328761076e+01,3.001343273142416557e+00,1.038422226172929008e+00
1.452379604670213631e+01,1.135102625194299009e+01,2.982362611492348492e+00,1.050699151989223035e+00
1.452559090074510095e+01,1.138589297398710265e+01,2.982362611492348492e+00,1.064118017935715699e+00
1.452608939121745912e+01,1.142080223280419204e+01,2.977963868651965385e+00,1.067264498562990660e+00
1.452528699900937426e+01,1.145570585613291392e+01,2.977963868651965385e+00,1.058038933229197509e+00
1.452319605928564528e+01,1.149055609187567839e+01,2.980121852983526054e+00,1.049035897369029469e+00
1.451983034376909387e+01,1.152530643927850917e+01,2.983962415479621821e+00,1.041173082464203814e+00
1.451520386341719693e+01,1.155991154873102289e+01,2.978534836036514477e+00,1.034619784965278066e+00
1.450933060309782618e+01,1.159432703138127785e+01,2.968163433352698277e+00,1.029527083655410236e+00
1.450222430238089544e+01,1.162850923789933866e+01,2.957735656976909322e+00,1.026029775807745015e+00
1.449389828234735056e+01,1.166241501248255119e+01,2.947249798831754308e+00,1.024248267858815398e+00
1.448436531793622351e+01,1.169600142734343251e+01,2.936703830733478071e+00,1.024290264407560214e+00
1.447363755531823415e+01,1.172922550219911209e+01,2.926095451468667896e+00,1.026252119335538948e+00
1.446172647403280642e+01,1.176204391275515171e+01,2.915422136826226307e+00,1.027407340672869651e+00
1.444864616538019675e+01,1.179441375911140000e+01,2.928256619819264550e+00,1.012410557108599063e+00
1.443443004090489801e+01,1.182630116054280656e+01,2.944937634436128437e+00,9.900992179530355708e-01
1.441912026697666249e+01,1.185767827336392166e+01,2.961553285209467035e+00,9.669876674014425966e-01
1.440276000932954226e+01,1.188852081730215815e+01,2.978098375250378016e+00,9.434526210209611685e-01
1.438539279042368690e+01,1.191880791250958360e+01,2.994569242959387090e+00,9.198257665761876423e-01
1.436706195904395678e+01,1.194852181358285925e+01,3.010963694663906676e+00,8.964030839491378133e-01
1.434781012901780528e+01,1.197764776889567173e+01,3.027281015377913498e+00,8.734442200866314732e-01
1.432767912198465687e+01,1.200617321329781007e+01,3.043521611394796711e+00,8.511735476423368807e-01
1.430670934759401192e+01,1.203408794190001352e+01,3.059687202251939908e+00,8.297826800324322738e-01
1.428493969881270864e+01,1.206138356893816166e+01,3.075780619616483413e+00,8.094668972428787912e-01
1.426240753538036010e+01,1.208805296378153038e+01,3.100221346545952272e+00,7.907257730312210464e-01
1.423914793130810530e+01,1.211409002833831039e+01,3.134062069610213275e+00,7.715261269238610220e-01
1.421519540875882370e+01,1.213949124599966467e+01,3.167530726919490114e+00,7.501723252898880867e-01
1.419058574355793212e+01,1.216425659078165999e+01,3.200609870803464929e+00,7.269151711164961727e-01
1.416535536197117651e+01,1.218838959266496857e+01,3.233284767749630362e+00,7.020882087948363548e-01
1.413954086463651194e+01,1.221189708747713709e+01,3.265543413486964752e+00,6.760211079190991956e-01
1.411317859779717310e+01,1.223478892232232873e+01,3.297376484750168757e+00,6.490301448113761085e-01
1.408630427930619433e+01,1.225707763180600374e+01,3.328777237762813979e+00,6.214109264538005828e-01
1.405895319340745608e+01,1.227877770314872663e+01,3.359740795554632342e+00,5.934327034837389991e-01
1.403115833743947505e+01,1.229990650529661167e+01,3.390265784147456607e+00,5.653352079999546254e-01
1.400295170729834737e+01,1.232048272148539425e+01,3.420647927411759603e+00,5.383989595452005616e-01
1.397436306523144012e+01,1.234052526118305160e+01,3.464420447986057638e+00,5.161080248284400929e-01
1.394541776231948838e+01,1.236004951708634358e+01,3.507408545371139663e+00,4.960185736120542588e-01
1.391613888178394731e+01,1.237906945661797842e+01,3.549655269459838891e+00,4.772041294007632883e-01
1.388654758277335866e+01,1.239759870226640892e+01,3.591201767268528577e+00,4.595963662581942777e-01
1.385666271566122987e+01,1.241565078391349530e+01,3.632088093254866035e+00,4.431287038392265343e-01
1.382650202926711991e+01,1.243323842439454019e+01,3.672351812755833667e+00,4.277371320465317428e-01
1.379608190705384985e+01,1.245037377925251931e+01,3.712028703106854621e+00,4.133608643270993421e-01
1.376541748791250441e+01,1.246706842374335444e+01,3.751152875737021830e+00,3.999426003738914548e-01
1.373452277605850291e+01,1.248333334701167985e+01,3.789756897395246682e+00,3.874287336958974759e-01
1.370341074044200624e+01,1.249917895176950822e+01,3.827871909841674025e+00,3.757693644551433065e-01
1.367209341813986789e+01,1.251461505143541508e+01,3.866052816918529089e+00,3.645874391624920330e-01
1.364058214646528278e+01,1.252965125238237398e+01,3.910457966825935383e+00,3.529477567541388638e-01
1.360888827039009463e+01,1.254429786881759412e+01,3.954288622886046323e+00,3.414437874073303902e-01
1.357702236636241189e+01,1.255856547442032678e+01,3.997568846588773539e+00,3.302571179834691839e-01
1.354499389500862705e+01,1.257246477691887598e+01,4.040322599667736547e+00,3.193823893274601033e-01
1.351281227109914163e+01,1.258600613421049630e+01,4.082572375549298194e+00,3.088127788724217559e-01
1.348048639230459855e+01,1.259919977513596301e+01,4.124339940398526139e+00,2.985402880395324199e-01
1.344802466683695563e+01,1.261205578892594481e+01,4.165646375504619137e+00,2.885558816232380308e-01
1.341543504005986343e+01,1.262458411761304866e+01,4.206512118741719597e+00,2.788496846795814887e-01
1.338272528080522150e+01,1.263679445511629673e+01,4.246956684902932544e+00,2.694110589060462746e-01
1.334990204133851499e+01,1.264869660292324305e+01,4.286999895354886014e+00,2.602287611303399362e-01
1.331697191674943426e+01,1.266030007310577687e+01,4.326660621440056254e+00,2.515342192152020262e-01
1.328394124011895094e+01,1.267161387110553150e+01,4.369400507153981650e+00,2.445909208672213675e-01
1.325081514430614149e+01,1.268264518645945849e+01,4.412374479233582392e+00,2.382829391333583791e-01
1.321759837146512062e+01,1.269340054376707094e+01,4.454926391859080681e+00,2.319472811467543916e-01
1.318429565633264922e+01,1.270388652813880981e+01,4.497065880473759769e+00,2.255893291003528700e-01
1.315091142261018220e+01,1.271410987355075939e+01,4.538802516156628997e+00,2.192156881414120129e-01
1.311744988976778004e+01,1.272407741357788957e+01,4.580145678739823367e+00,2.128324258912205058e-01
1.308391516756619488e+01,1.273379604216292194e+01,4.621104453867443063e+00,2.064450888731242384e-01
1.305031120793532473e+01,1.274327271936222772e+01,4.661687708360028104e+00,2.000587149379976504e-01
1.301664180735857279e+01,1.275251446181023240e+01,4.701904100607485759e+00,1.936778572826552414e-01
1.298291084711143561e+01,1.276152827126758282e+01,4.741761810778344355e+00,1.873065759913496720e-01
1.294912169921002842e+01,1.277032128799318045e+01,4.781269258293770363e+00,1.810058977950192161e-01
1.291527758949754201e+01,1.277890060860655375e+01,4.821614750026817831e+00,1.758177135426705340e-01
1.288138138235575347e+01,1.278727203012766189e+01,4.862596797233049273e+00,1.716378675757025685e-01
1.284743555843939511e+01,1.279544018705851194e+01,4.903218231473982058e+00,1.675227035397284236e-01
1.281344248993917923e+01,1.280340966723498397e+01,4.943488750938541010e+00,1.634378068784380633e-01
1.277940474742164589e+01,1.281118498440316777e+01,4.983417418494957118e+00,1.593833507438747743e-01
1.274532419861532340e+01,1.281877078331348407e+01,5.023013738185767352e+00,1.553593639336203758e-01
1.271120294492908087e+01,1.282617162049399973e+01,5.062286565750558687e+00,1.513657272955477029e-01
1.267704300834321529e+01,1.283339203801008388e+01,5.101244498117328163e+00,1.474022053015610068e-01
1.264284633142423253e+01,1.284043656298440439e+01,5.139895889022705333e+00,1.434684433235587087e-01
1.260861486277353194e+01,1.284730969030819558e+01,5.178248768348927555e+00,1.395639694486809634e-01
1.257435035972433646e+01,1.285401592267263560e+01,5.216311078159098003e+00,1.356896950904653287e-01
1.254005442990513686e+01,1.286055975794217865e+01,5.254341682991757523e+00,1.321854322510208068e-01
1.250572865581290927e+01,1.286694524265228701e+01,5.293129259061991831e+00,1.294743407161796089e-01
1.247137434006854484e+01,1.287317549581741183e+01,5.331628492137739705e+00,1.268747467882699598e-01
1.243699274293302715e+01,1.287925350922678014e+01,5.369845465028689091e+00,1.242789691125523316e-01
1.240258519678806159e+01,1.288518226126985766e+01,5.407785963764900394e+00,1.216874902516874302e-01
1.236815274553240940e+01,1.289096477819587427e+01,5.445455884263185276e+00,1.191007431845720332e-01
1.233369651924587806e+01,1.289660406733739073e+01,5.482860824923724508e+00,1.165191098908336248e-01
1.229921760975413214e+01,1.290210313860895042e+01,5.520006233470990509e+00,1.139429289094034126e-01
1.226471707141980083e+01,1.290746500365854210e+01,5.556897413609016567e+00,1.113724957640803287e-01
1.223019601267971090e+01,1.291269266152683315e+01,5.593539435311366326e+00,1.088080605152085545e-01
1.219565535187441974e+01,1.291778913535722317e+01,5.629937401363093841e+00,1.062498297202621178e-01
1.216109599621285220e+01,1.292275744350291866e+01,5.666096261284553570e+00,1.037940552618102918e-01
1.212651884364663957e+01,1.292760048105070680e+01,5.702571089128031012e+00,1.020159162997822805e-01
1.209192463713231369e+01,1.293232033246828472e+01,5.738931384192329510e+00,1.005272116375777736e-01
1.205731410698568062e+01,1.293691872973557722e+01,5.775057533097575302e+00,9.904127897618945908e-02
1.202268792692120591e+01,1.294139741104505426e+01,5.810953825806331352e+00,9.755722221981533160e-02
1.198804666874568703e+01,1.294575812672050219e+01,5.846624523708507937e+00,9.607521062394633327e-02
1.195339095321455858e+01,1.295000261924136886e+01,5.882073708039778914e+00,9.459540052925471953e-02
1.191872138342655418e+01,1.295413263190425113e+01,5.917305354459640121e+00,9.311793723692851632e-02
1.188403857385633700e+01,1.295814990521551024e+01,5.952323308393685508e+00,9.164295481119015541e-02
1.184934315908671643e+01,1.296205617611097516e+01,5.987131281547059203e+00,9.017057404681236288e-02
1.181463559307724154e+01,1.296585319991696572e+01,6.021733056642124993e+00,8.870090366716347485e-02
1.177991640961261766e+01,1.296954272025955568e+01,6.056132228998398759e+00,8.723848549693281884e-02
1.174518612588388855e+01,1.297312647472340430e+01,6.090396839757042713e+00,8.593224830904484801e-02
1.171044523237144297e+01,1.297660601332561470e+01,6.124551195963134909e+00,8.481711937729298489e-02
1.167569427331790877e+01,1.297998264806091306e+01,6.158513082677071537e+00,8.371586701619695980e-02
1.164093356876942309e+01,1.298325769688925213e+01,6.192287244176709393e+00,8.261694396306434873e-02
1.160616353838425141e+01,1.298643246561301545e+01,6.225871142025405369e+00,8.152040245349018166e-02
1.157138459047824597e+01,1.298950825903026285e+01,6.259270517482890206e+00,8.042629016858236779e-02
1.153659712219231359e+01,1.299248638079988005e+01,6.292488407146452190e+00,7.933465023346386591e-02
1.150180162153549013e+01,1.299536812501919236e+01,6.325527681485954012e+00,7.824551917005446999e-02
1.146699835819128133e+01,1.299815480184674499e+01,6.358391341314218792e+00,7.715892811774584248e-02
1.143218769247548217e+01,1.300084771108885739e+01,6.391082225566893094e+00,7.607490185452714382e-02
1.139736997759166393e+01,1.300344815066762116e+01,6.423603107426462344e+00,7.499346117364852349e-02
1.136254555644766562e+01,1.300595741681212303e+01,6.455957188234267008e+00,7.395184917466429697e-02
1.132771483846289051e+01,1.300837675326477338e+01,6.488221281316530309e+00,7.305843292077911222e-02
1.129287805217384744e+01,1.301070723609304380e+01,6.520321503866161272e+00,7.220213892040865111e-02
1.125803548321962744e+01,1.301294989225982768e+01,6.552261461393348974e+00,7.134706343067281908e-02
1.122318741779494466e+01,1.301510574772737527e+01,6.584044652236323181e+00,7.049324474881873970e-02
1.118833413452252934e+01,1.301717582794988459e+01,6.615674477908053852e+00,6.964071881773034600e-02
1.115347598106581906e+01,1.301916115352363512e+01,6.647149337859169727e+00,6.878951804914748558e-02
1.111861315114991910e+01,1.302106275292430659e+01,6.678471705422103000e+00,6.793967181450254189e-02
1.108374589085714668e+01,1.302288165016299182e+01,6.709644910877663904e+00,6.709120599963890041e-02
1.104887444887011760e+01,1.302461886785813583e+01,6.740671085556160236e+00,6.624414423246972883e-02
1.101399906680421203e+01,1.302627542773769420e+01,6.771552318090790834e+00,6.539850799662212666e-02
1.097912004855327872e+01,1.302785234752538912e+01,6.802290594870252782e+00,6.455930779100353678e-02
1.094423755507563278e+01,1.302935064415809840e+01,6.832909215629160649e+00,6.380320420709308105e-02
1.090935179474527494e+01,1.303077123116488423e+01,6.863404165226948628e+00,6.311502907173002774e-02
1.087446297409904084e+01,1.303211493963742562e+01,6.893761414180450409e+00,6.243003874123140978e-02
1.083957129430706345e+01,1.303338259738173655e+01,6.923982487385519136e+00,6.174629718506873671e-02
1.080467701358256960e+01,1.303457502919257571e+01,6.954069919128879285e+00,6.106381432467340026e-02
1.076978025839849451e+01,1.303569306332909505e+01,6.984026288431494756e+00,6.038259842204236894e-02
1.073488120998674589e+01,1.303673752475453185e+01,7.013854059434510901e+00,5.970265574064589215e-02
1.069998004824253890e+01,1.303770923724746389e+01,7.043554091665416017e+00,5.902399138433577636e-02
1.066507694882427693e+01,1.303860902348614559e+01,7.073125873148958576e+00,5.834660927034783506e-02
1.063017213174501840e+01,1.303943770392746870e+01,7.102572711497032287e+00,5.767051141512480328e-02
1.059526570408478641e+01,1.304019610053845035e+01,7.131896303231529899e+00,5.699573878552133266e-02
1.056035782539767887e+01,1.304088503254487641e+01,7.161099557552256911e+00,5.634468638341350033e-02
1.052544864989601692e+01,1.304150529065264230e+01,7.190190791428735295e+00,5.575475754812871110e-02
1.049053833219524279e+01,1.304205759134169718e+01,7.219163538974466832e+00,5.517633252687966644e-02
1.045562703831295082e+01,1.304254263725720975e+01,7.248019378709415150e+00,5.459961245297079852e-02
1.042071487389930518e+01,1.304296113007932512e+01,7.276759907917683456e+00,5.402457963932749685e-02
1.038580197656876969e+01,1.304331376915003382e+01,7.305386666979373445e+00,5.345121537280422830e-02
1.035088848010150464e+01,1.304360125208269672e+01,7.333901010413725885e+00,5.287950028786622680e-02
1.031597451539201060e+01,1.304382427476612172e+01,7.362304628218778291e+00,5.230941414143008839e-02
1.028106020322494452e+01,1.304398353140969036e+01,7.390599084465671709e+00,5.174093581177513501e-02
1.024614565714452574e+01,1.304407971449241188e+01,7.418785868658660299e+00,5.117404334904973595e-02
1.021123099577236104e+01,1.304411351474451486e+01,7.446866060264061282e+00,5.060871401534994263e-02
1.017631633415616221e+01,1.304408562122562820e+01,7.474841156561552680e+00,5.007626283429156278e-02
1.014140177553946209e+01,1.304399668310943561e+01,7.502351168543253124e+00,4.987706185151370014e-02
1.010648741117569749e+01,1.304384694342855688e+01,7.529601789371352716e+00,4.987865092866286543e-02
1.007157336452896956e+01,1.304363640075035313e+01,7.556755050918235739e+00,4.988411433882335155e-02
1.003665974442914255e+01,1.304336504909936068e+01,7.583812130785031691e+00,4.989072004589003434e-02
1.000174665974418708e+01,1.304303288131243832e+01,7.610774186197294178e+00,4.989846869506162075e-02
9.966834199696688046e+00,1.304263988879930558e+01,7.637642369643362628e+00,4.990736100705687323e-02
9.931922457110863078e+00,1.304218606169257200e+01,7.664417811317290052e+00,4.991739780421369094e-02
9.897011567236008389e+00,1.304167138948384164e+01,7.691101590031750312e+00,4.992857997086184996e-02
9.862101639190687052e+00,1.304109586020202016e+01,7.717694786370422833e+00,4.994090848548672634e-02
9.827192782172604169e+00,1.304045946068449346e+01,7.744198462937460725e+00,4.995438442319648231e-02
9.792285071261979112e+00,1.303976217586302511e+01,7.770613690633282999e+00,4.997044141669472472e-02
9.757378606281308819e+00,1.303900398804709049e+01,7.796627081789656799e+00,5.016069268268789211e-02
9.722473536390005222e+00,1.303818466847274671e+01,7.821616728081545844e+00,5.068808916493164340e-02
9.687569987265819194e+00,1.303730357707760845e+01,7.846528953384000360e+00,5.125537437793549478e-02
9.652668089231145387e+00,1.303636002548429929e+01,7.871364596524661472e+00,5.182399097692325096e-02
9.617767928214551176e+00,1.303535332257626322e+01,7.896124515145456435e+00,5.239394734850155722e-02
9.582869642310784641e+00,1.303428277710946404e+01,7.920809517323304405e+00,5.296525078088479277e-02
9.547973413255478548e+00,1.303314769787261618e+01,7.945420368403005362e+00,5.353790742565352895e-02
9.513079386475562060e+00,1.303194739124251100e+01,7.969957847850720256e+00,5.411192249144650829e-02
9.478187711215451117e+00,1.303068116231213480e+01,7.994422721042468538e+00,5.468730082624774502e-02
9.443298482173252850e+00,1.302934831261288195e+01,8.018815780301641993e+00,5.526404629054545992e-02
9.408411862834521244e+00,1.302794814462661499e+01,8.043137758741792709e+00,5.584216153036897223e-02
9.373528060298188080e+00,1.302647996133710429e+01,8.067389128111010166e+00,5.662569474392548791e-02
9.338647246523505530e+00,1.302494281409633814e+01,8.051976452957918085e+00,5.883521562916180919e-02
9.303769693306712441e+00,1.302333401893461939e+01,8.027682521608399568e+00,6.165645606172887733e-02
9.268895644244400600e+00,1.302165014421636968e+01,8.003311116839116224e+00,6.448615897540825592e-02
9.234025432188705196e+00,1.301988775222093864e+01,7.978861198422607437e+00,6.732234376478006543e-02
9.199159486179645739e+00,1.301804340276177818e+01,7.954331777894848798e+00,7.016524255079738259e-02
9.164298196727692414e+00,1.301611364628292478e+01,7.929721824024175802e+00,7.301505747493161613e-02
9.129441979324623091e+00,1.301409502672859730e+01,7.905030306999698553e+00,7.587196357018170800e-02
9.094591188688875505e+00,1.301198407613814290e+01,7.880256137243631720e+00,7.873610397370471581e-02
9.059746263639326003e+00,1.300977732276042786e+01,7.855398267738945783e+00,8.160758460023112559e-02
9.024907804181363957e+00,1.300747129701607108e+01,7.830455749931517495e+00,8.448647289268797211e-02
8.990076339278219919e+00,1.300506251711806094e+01,7.805427568218489043e+00,8.734455603499971521e-02
8.955252426654411124e+00,1.300254752961352445e+01,7.780239824497998669e+00,8.914157843826596428e-02
8.920436491026714876e+00,1.299992416896827230e+01,7.754856356308186704e+00,8.957190413311240385e-02
8.885628820247994497e+00,1.299719193019887165e+01,7.729383050132089039e+00,8.991386812976251419e-02
8.850829939066858998e+00,1.299435043602293405e+01,7.703819117197815203e+00,9.025724677037652577e-02
8.816040225401478025e+00,1.299139929770167257e+01,7.678163646341431559e+00,9.060201676004471516e-02
8.781260061067699851e+00,1.298833812621217021e+01,7.652415713378077022e+00,9.094815465209028782e-02
8.746489825031824594e+00,1.298516653167313706e+01,7.626574375752831259e+00,9.129563694718743905e-02
8.711729713444245959e+00,1.298188410600440790e+01,7.600638537560458374e+00,9.164443877888209244e-02
8.676980322055264594e+00,1.297849047777997100e+01,7.574607383572117492e+00,9.199453455062224505e-02
8.642242048848004288e+00,1.297498525743771935e+01,7.548479934601522778e+00,9.234589727553640937e-02
8.607515295845029613e+00,1.297136805542121074e+01,7.522255196830888835e+00,9.269850165276612153e-02
8.572800470874035739e+00,1.296763848242814099e+01,7.495934457794800387e+00,9.322970430670125819e-02
8.538097893444373199e+00,1.296379592132359448e+01,7.469618322851697911e+00,9.441289016072967888e-02
8.503408197032310767e+00,1.295983899085005930e+01,7.443205577131006834e+00,9.571494267144720069e-02
8.468731958842193208e+00,1.295576615965541301e+01,7.416684368503388747e+00,9.697552602315459569e-02
8.434069698721431863e+00,1.295157594170593818e+01,7.390056980445445234e+00,9.819311317858285537e-02
8.399421944681563446e+00,1.294726690537092040e+01,7.363351935610475074e+00,9.936625514272509618e-02
8.364789317471624130e+00,1.294283768624422137e+01,7.336568397814377640e+00,1.004935831722800627e-01
8.330172657227738142e+00,1.293828700730594683e+01,7.309705680889221568e+00,1.015738191464532758e-01
8.295572324606872883e+00,1.293361358879898759e+01,7.282762706888031623e+00,1.026057786206842765e-01
8.260988870676838403e+00,1.292881623513200218e+01,7.255738524013116475e+00,1.035883767161452224e-01
8.226422848103670304e+00,1.292389381241521740e+01,7.228633997315855098e+00,1.045206266460843025e-01
8.191874809574990479e+00,1.291884524946742907e+01,7.201470793424022965e+00,1.055236362179499537e-01
8.157346264168925387e+00,1.291366953365396952e+01,7.177483699717498666e+00,1.080232617601987605e-01
8.122837319725284999e+00,1.290836360281208961e+01,7.155261261343420998e+00,1.115519179298570945e-01
8.088349121279573950e+00,1.290292327892939461e+01,7.132992575660384027e+00,1.150771136110000509e-01
8.053882865824830262e+00,1.289734439809981126e+01,7.110677318355248744e+00,1.185775690517031911e-01
8.019439867515082199e+00,1.289162284824411309e+01,7.088315240108888027e+00,1.220525296635942281e-01
7.985022271360263879e+00,1.288575469527600070e+01,7.065906632988428804e+00,1.255011943492501947e-01
7.950630515570590084e+00,1.287973575260995496e+01,7.043450678939163545e+00,1.289226876925031184e-01
7.916265980471367314e+00,1.287356202467441513e+01,7.020947170904796586e+00,1.323160862292662721e-01
7.881930091972882302e+00,1.286722956150467745e+01,6.998395932038972589e+00,1.356803435580993811e-01
7.847624859587634560e+00,1.286073456364352552e+01,6.975797171162698262e+00,1.390143361388044563e-01
7.813351904901173484e+00,1.285407320633252404e+01,6.953150845802069213e+00,1.423164225029290575e-01
7.779112202266702525e+00,1.284724157893273144e+01,6.931343655208638488e+00,1.454086984532205751e-01
7.744907300831712860e+00,1.284023614203829666e+01,6.914258873433888120e+00,1.480614700155262753e-01
7.710739045482640108e+00,1.283305396976065715e+01,6.897149137759801540e+00,1.507042839144991653e-01
7.676609620234825293e+00,1.282569223353945276e+01,6.880012316334882527e+00,1.534132315430935256e-01
7.642519859036513097e+00,1.281814773761323956e+01,6.862845589488429709e+00,1.561905485964427409e-01
7.608471588494008842e+00,1.281041741517885413e+01,6.845646620532608750e+00,1.590385335426554858e-01
7.574466711829156651e+00,1.280249813635666456e+01,6.828413094206676526e+00,1.619595018561214850e-01
7.540507478966327781e+00,1.279438677144636394e+01,6.811142850898733059e+00,1.649558344843671531e-01
7.506595384124892689e+00,1.278607992361185630e+01,6.793833322140079289e+00,1.680299629121539129e-01
7.472732565621816647e+00,1.277757425675498659e+01,6.776482237848576062e+00,1.711843774487036562e-01
7.438921245283080630e+00,1.276886636436588063e+01,6.759087339482593215e+00,1.744216077816106714e-01
7.405163532911657853e+00,1.275995271486618243e+01,6.741646275594455950e+00,1.777070640928605783e-01
7.371461779354069321e+00,1.275082978625378693e+01,6.726956578496379180e+00,1.803937239401113002e-01
7.337818236891910040e+00,1.274149479613584646e+01,6.714505668918739900e+00,1.825305419210738744e-01
7.304234951036505663e+00,1.273194561055131047e+01,6.701953217141983110e+00,1.846732183368159919e-01
7.270713745744446399e+00,1.272218003153394683e+01,6.685715481150223738e+00,1.868410515489096202e-01
7.237256988933052249e+00,1.271219599477229600e+01,6.669803282515588627e+00,1.890337186955870497e-01
7.203866938091211480e+00,1.270199138577475750e+01,6.654231384658765514e+00,1.912508430612258614e-01
7.170545865382417006e+00,1.269156407477760240e+01,6.639015309543870202e+00,1.934920085266038370e-01
7.137295816283199201e+00,1.268091183827009694e+01,6.624171290454800243e+00,1.957567435724909821e-01
7.104119339700505797e+00,1.267003259175886676e+01,6.609716675028851185e+00,1.980445191357179668e-01
7.071018974235821375e+00,1.265892423370826059e+01,6.595669764774474864e+00,2.003547414240938462e-01
7.037997222228417726e+00,1.264758463556788826e+01,6.582049898163847779e+00,2.026867645601869716e-01
7.005056424455498032e+00,1.263601159520664119e+01,6.568848248633210041e+00,2.049472455548847494e-01
6.972199197448896157e+00,1.262420310877914353e+01,6.555947960447922718e+00,2.068000036377983519e-01
6.939428183223925295e+00,1.261215772596861839e+01,6.543322143593107043e+00,2.085445320406810743e-01
6.906745834863228239e+00,1.259987408506123785e+01,6.530981941212223418e+00,2.103020446518877318e-01
6.874154546622667894e+00,1.258735079817954983e+01,6.518938890237612860e+00,2.120717926247127350e-01
6.841656690983572986e+00,1.257458646327181739e+01,6.507204962082901112e+00,2.138529677633158321e-01
6.809255136777446538e+00,1.256157987314597513e+01,6.495792783667202031e+00,2.156447153724099230e-01
6.776952512885242363e+00,1.254832973180306510e+01,6.484715401983374150e+00,2.174461319055067399e-01
6.744751491115448694e+00,1.253483476383230943e+01,6.473986432877424591e+00,2.192562778595257833e-01
6.712654491284829383e+00,1.252109358878469614e+01,6.463620007510607834e+00,2.210741607158528410e-01
6.680664560844032707e+00,1.250710509834167006e+01,6.453631115918639694e+00,2.228987387918550667e-01
6.648784536704583914e+00,1.249286810721760865e+01,6.444031601449725422e+00,2.247184259079968438e-01
6.617017260885100782e+00,1.247838145722215053e+01,6.434691711380052581e+00,2.261427995075647457e-01
6.585365287860889261e+00,1.246364440488333969e+01,6.425429684534673669e+00,2.270488277105411623e-01
6.553831062441901167e+00,1.244865686818224759e+01,6.416229988140881524e+00,2.279094039173870934e-01
6.522417155711156767e+00,1.243341890743408662e+01,6.407088657994682634e+00,2.287573440339299435e-01
6.491125994720539083e+00,1.241793055257710243e+01,6.398001320120982882e+00,2.295919483966610553e-01
6.459960013349589580e+00,1.240219187401236312e+01,6.388963222733131886e+00,2.304125148983481863e-01
6.428921560908905874e+00,1.238620293643908177e+01,6.379969195998230092e+00,2.312183363673644687e-01
6.398013228566586719e+00,1.236996396877530735e+01,6.371013736471351940e+00,2.320087027833548088e-01
6.367237473415123361e+00,1.235347517444504994e+01,6.362090885519040562e+00,2.327829015930464873e-01
6.336596746206285324e+00,1.233673679614600616e+01,6.353194255892027797e+00,2.335402206581575768e-01
6.306093507841931789e+00,1.231974912607282846e+01,6.344317026591085096e+00,2.342799477796750629e-01
6.275730262051511410e+00,1.230251252653781258e+01,6.344317026591085096e+00,2.348837920273529334e-01
6.245509322989448719e+00,1.228502746399152379e+01,6.344317026591085096e+00,2.348582202548824271e-01
6.215432778509312861e+00,1.226729518134392727e+01,6.344329170279079833e+00,2.347219616686506416e-01
6.185502648039728157e+00,1.224931706347001459e+01,6.344404987374376859e+00,2.347174111924706097e-01
6.155720720491886233e+00,1.223109419057820979e+01,6.337845925881117282e+00,2.348450946329945777e-01
6.126089171727375771e+00,1.221262770862402114e+01,6.328978980568454205e+00,2.351055688652749776e-01
6.096610277758147234e+00,1.219391866245581291e+01,6.319959110526508717e+00,2.354996447951019367e-01
6.067286350740391576e+00,1.217496795422461275e+01,6.310829473074265117e+00,2.360283918175008766e-01
6.038119667479092456e+00,1.215577629175356833e+01,6.301634021880872183e+00,2.366931479241438652e-01
6.009112122846841153e+00,1.213634394511305281e+01,6.292458205090403212e+00,2.374955180725895620e-01
5.980266825868884695e+00,1.211667181365803714e+01,6.283359331618303401e+00,2.384373816964272530e-01
5.951586467064519326e+00,1.209676034780667564e+01,6.283359331618303401e+00,2.394728612459873784e-01
5.923073765727030704e+00,1.207660990524212963e+01,6.283359331618303401e+00,2.389277645138182804e-01
5.894730195261539407e+00,1.205622234504052948e+01,6.283614885841646291e+00,2.365227913571776586e-01
5.866555078760252506e+00,1.203560077584808852e+01,6.284959438084856131e+00,2.344371211836648039e-01
5.838549840667861979e+00,1.201474937702056778e+01,6.278974692690138859e+00,2.328164894764588044e-01
5.810715312915792019e+00,1.199367123923775047e+01,6.267841096408691470e+00,2.316645657156942428e-01
5.783052581149823013e+00,1.197236895920968358e+01,6.256053238959671248e+00,2.309892347530142220e-01
5.755562999972158700e+00,1.195084463557212828e+01,6.243758817668323857e+00,2.308029650207988615e-01
5.728247570160208468e+00,1.192909934548358741e+01,6.231103902472078460e+00,2.311232898225434595e-01
5.701107089276508333e+00,1.190713319289079664e+01,6.218236654803578567e+00,2.319733955631606004e-01
5.674145625850739449e+00,1.188494811335420742e+01,6.205452622236548699e+00,2.333828549350389636e-01
5.647366033125508444e+00,1.186254423795038093e+01,6.192969222582989985e+00,2.353902352317187030e-01
5.620771716985029087e+00,1.183992123476777358e+01,6.181081379452538549e+00,2.382966900561909462e-01
5.594367057346458338e+00,1.181707819438168272e+01,6.170050062622760123e+00,2.419149726065785710e-01
5.568156334447283307e+00,1.179401300011305587e+01,6.159775637457140185e+00,2.450964807006618673e-01
5.542143969433172224e+00,1.177072437839638752e+01,6.150084097278758044e+00,2.476603169757823075e-01
5.516333965460250788e+00,1.174721171940169739e+01,6.140767798136645972e+00,2.495575883727543243e-01
5.490729829014672880e+00,1.172347508993031973e+01,6.135347055857361731e+00,2.507457194790603805e-01
5.465334499744527896e+00,1.169951524142309296e+01,6.135347055857361731e+00,2.511898228063457195e-01
5.440150290313403580e+00,1.167533361254824520e+01,6.135347055857361731e+00,2.508639164264903076e-01
5.415178837481064100e+00,1.165093232587722660e+01,6.135497166617128961e+00,2.497519231604085621e-01
5.390421065262795075e+00,1.162631417821922142e+01,6.136147431161646182e+00,2.478483933798766858e-01
5.365877160632972931e+00,1.160148262427086330e+01,6.137618104034377353e+00,2.453866590705946205e-01
5.341546731654341684e+00,1.157644152944703109e+01,6.140091635577154427e+00,2.449958626874531309e-01
5.317431328471884378e+00,1.155119316666486284e+01,6.142056575560373766e+00,2.462262289298376983e-01
5.293533883909449678e+00,1.152573843372937645e+01,6.137617326334678935e+00,2.474946776963534711e-01
5.269857300165944558e+00,1.150007816353424950e+01,6.127657884956532186e+00,2.487712581891099173e-01
5.246404497432007652e+00,1.147421322681703693e+01,6.117845890929077157e+00,2.500551437564448864e-01
5.223178412858680453e+00,1.144814453354407924e+01,6.108187002844107205e+00,2.513454734586642592e-01
5.200181999451994663e+00,1.142187303429549594e+01,6.098686875604373725e+00,2.526413516262400738e-01
5.177418224891789933e+00,1.139539972164763881e+01,6.089351154682757894e+00,2.539418476050583351e-01
5.154890070273506097e+00,1.136872563155037597e+01,6.080185469817648070e+00,2.552459954697491318e-01
5.132600528771456894e+00,1.134185184469621888e+01,6.071189714432317253e+00,2.565366196526306375e-01
5.110552588541604990e+00,1.131477949984282105e+01,6.068392643612206427e+00,2.567735857438223634e-01
5.088748154428684778e+00,1.128751047576604094e+01,6.068392643612206427e+00,2.554034894474825346e-01
5.067187727284257370e+00,1.126004806940369640e+01,6.069012311730105580e+00,2.540509084549080199e-01
5.045871734032952638e+00,1.123239549350217992e+01,6.070206765240511615e+00,2.528736695274696467e-01
5.024800719358643697e+00,1.120455580518372329e+01,6.071867837645041455e+00,2.518720986955710339e-01
5.003975358772944304e+00,1.117653192088681635e+01,6.073896677495022267e+00,2.510469361589354742e-01
4.983396464651939084e+00,1.114832662212614167e+01,6.071187383930848114e+00,2.503993545354840089e-01
4.963064992574786949e+00,1.111994256113173840e+01,6.060146356805957701e+00,2.499309790683593158e-01
4.942982048010734708e+00,1.109138226639735691e+01,6.048650524516504312e+00,2.496439103141910032e-01
4.923148861220663974e+00,1.106264810110755903e+01,6.036750265808407789e+00,2.495408493704884545e-01
4.903566398600169407e+00,1.103374167357889135e+01,6.024552187417067550e+00,2.507315366325288397e-01
4.884238075791563993e+00,1.100466543655238105e+01,6.013494029656715867e+00,2.554111103275998884e-01
4.865169989564464892e+00,1.097541828015312859e+01,6.003499025158344438e+00,2.596259931286363787e-01
4.846367821098289674e+00,1.094599952041152768e+01,5.998509853503423805e+00,2.623645698103290735e-01
4.827835800626969487e+00,1.091640957278912261e+01,5.989407444925122448e+00,2.636027018869173122e-01
4.809576675118710121e+00,1.088664996320406253e+01,5.989407444925122448e+00,2.633538057222427620e-01
4.791591705626199627e+00,1.085672330321295753e+01,5.989519879283365711e+00,2.616672032482172949e-01
4.773880839571543966e+00,1.082663348061191044e+01,5.990377478389342869e+00,2.586246131815919114e-01
4.756443205556468712e+00,1.079638636708166466e+01,5.992504614926687623e+00,2.543349357709077663e-01
4.739274712075637552e+00,1.076598537142256262e+01,5.996294629476077276e+00,2.489280667220087895e-01
4.722370886089127140e+00,1.073543595778682658e+01,6.002011522823533340e+00,2.426540802922350082e-01
4.705726064830481725e+00,1.070474365439590692e+01,6.009770536628433746e+00,2.370321730717509789e-01
4.689335558274321691e+00,1.067391415073906735e+01,6.019169453137332759e+00,2.328403165899838867e-01
4.673196958468458284e+00,1.064295382995447525e+01,6.029638085085154309e+00,2.296966724745068134e-01
4.657307485018296944e+00,1.061186570856140676e+01,6.040798413859665317e+00,2.275004685601249577e-01
4.641665201810245556e+00,1.058065188528067502e+01,6.052339056026268871e+00,2.261784048168140882e-01
4.626269618701635444e+00,1.054931494830330685e+01,6.063880537482043920e+00,2.256752108690417702e-01
4.611121174769140296e+00,1.051785714989099141e+01,6.075064584306086424e+00,2.259508673794832223e-01
4.596221199552108949e+00,1.048628044929528791e+01,6.085669567093618504e+00,2.269785672283537170e-01
4.581571884367304115e+00,1.045458653957020267e+01,6.095469345519590298e+00,2.287432556301881303e-01
4.567176778156556871e+00,1.042277801056585140e+01,6.104224266896969731e+00,2.312407293097933636e-01
4.553038773879372059e+00,1.039085390179843493e+01,6.111705413485468696e+00,2.343803247776399257e-01
4.539162448389544302e+00,1.035881508070875157e+01,6.118400925554951186e+00,2.360613485697817537e-01
4.525550702215454635e+00,1.032666308903082708e+01,6.124993009624134288e+00,2.358171293664203805e-01
4.512204039200829797e+00,1.029439987603164752e+01,6.131567126679625446e+00,2.353383811065087594e-01
4.499123145620112396e+00,1.026202863814303612e+01,6.138134090929765030e+00,2.347037103284542459e-01
4.486307971411271467e+00,1.022955133742075340e+01,6.144740028898780793e+00,2.339156032024631848e-01
4.473758376818121718e+00,1.019697023029758931e+01,6.151439594463393057e+00,2.329770289350344692e-01
4.461474085090986641e+00,1.016428775994612010e+01,6.158284350638851379e+00,2.318914273183115826e-01
4.449454755112566495e+00,1.013150676165594000e+01,6.165322413475354146e+00,2.306626971034808071e-01
4.437700213851189623e+00,1.009863115113885534e+01,6.172598057193887655e+00,2.292951318880072087e-01
4.426209098127320551e+00,1.006566209484732966e+01,6.180152416053112496e+00,2.277933938734351405e-01
4.414980361744222037e+00,1.003260211579535621e+01,6.188022504158944948e+00,2.261624584670432203e-01
