# x_m,y_m,v_mps,kappa
# optimization: {"dynamic_validation": false, "effective_margin_m": [0.17736744634220492, 0.4], "elapsed_s": 161.5242677750066, "export_audit": {"max_axle_friction_ratio": 1.0000000000000007, "maximum_steering_rad": 0.41868479347437454, "minimum_body_clearance_above_reserve_m": 0.0027555567435407213, "normalized_physical_violation": 6.661338147750939e-16, "samples": 3710}, "export_relative_time_change": 0.0012360477770531955, "exported_time_s": 11.56641895024545, "geometry_discretization_reserve_m": 0.003, "global_optimum_proven": false, "kkt_stationarity": 2.1409481977436214e-05, "mesh_checks": [{"dense_normalized_violation": 0.023752284451349154, "dense_time_relative_change": 0.00016772349710896805, "iterations": 83, "samples": 336, "time_s": 11.541114177302292}, {"dense_normalized_violation": 0.006014406611695658, "dense_time_relative_change": 0.00011311278451310575, "iterations": 56, "samples": 384, "time_s": 11.552490575439943}, {"dense_normalized_violation": 0.0013673512489417294, "dense_time_relative_change": 0.00010411020496668622, "iterations": 59, "samples": 405, "time_s": 11.553275816832642}, {"dense_normalized_violation": 4.9149771125062445e-05, "dense_time_relative_change": 0.000103263764840015, "iterations": 62, "samples": 421, "time_s": 11.553330637326205}, {"dense_normalized_violation": 1.6880005631880837e-09, "dense_time_relative_change": 0.00010322832756630953, "iterations": 56, "samples": 427, "time_s": 11.553332584536442}], "model": "periodic-quasisteady-axle-nlp-v1", "normalized_constraint_violation": 1.6880005631880837e-09, "objective": "integral(norm(dxy/dphase)/speed, phase=0..1)", "path_control_mesh_convergence_tested": false, "path_controls": 84, "requested_margin_m": 0.4, "solved_time_s": 11.552139953335923, "solver_message": "Optimization terminated successfully", "status": "converged"}
-4.618474413377882115e+01,-6.250803507047286711e-01,4.888535757395440662e+00,2.642235042323802241e-01
-4.614488540737514199e+01,-6.283238140373733627e-01,4.923090536806187245e+00,2.597358881805988950e-01
-4.610499527708405054e+01,-6.311530880380178399e-01,4.957519545487809154e+00,2.554993378746711619e-01
-4.606507839901762935e+01,-6.335746377341264779e-01,4.991670502453853686e+00,2.511709510600732553e-01
-4.602513923722357703e+01,-6.355951283999913271e-01,5.025577157517419735e+00,2.467596014682898464e-01
-4.598518205945156012e+01,-6.372214076539113314e-01,5.059249851858643510e+00,2.422739655961505534e-01
-4.594521093404013357e+01,-6.384604878083524060e-01,5.092689856359356781e+00,2.377224860656912686e-01
-4.590522972786572353e+01,-6.393195285746421375e-01,5.125898552353298498e+00,2.331133395631408700e-01
-4.586524210528938994e+01,-6.398058202121795768e-01,5.158877428952376221e+00,2.284544095806913255e-01
-4.582525153459578604e+01,-6.399267672102075810e-01,5.191628074427871553e+00,2.237533004584934537e-01
-4.578526222380796895e+01,-6.396898825041767989e-01,5.224151414736480703e+00,2.190172525889378663e-01
-4.574527648802695268e+01,-6.391027631186413371e-01,5.256449855748204669e+00,2.142531553308684444e-01
-4.570529717283778126e+01,-6.381730687679442182e-01,5.288525296060618608e+00,2.094674984945690821e-01
-4.566532692890416456e+01,-6.369085137315417811e-01,5.320379720721428285e+00,2.046664321535900943e-01
-4.562536821538646592e+01,-6.353168539713802687e-01,5.352015196235647920e+00,1.998557340793590542e-01
-4.558542330387337671e+01,-6.334058750153668260e-01,5.383433865403873142e+00,1.950408087750234165e-01
-4.554549428276091305e+01,-6.311833806165483285e-01,5.414637942046878649e+00,1.902266908147720870e-01
-4.550558306365741856e+01,-6.286571822980374646e-01,5.445708677552479671e+00,1.857354976944554648e-01
-4.546569273926929355e+01,-6.258346812863020414e-01,5.481018603664452371e+00,1.824429224729811616e-01
-4.542582437347217450e+01,-6.227212463002566034e-01,5.516100541498954790e+00,1.794051303441437095e-01
-4.538597918889126248e+01,-6.193218468738086457e-01,5.550895011533456547e+00,1.763361476718528775e-01
-4.534615871239805784e+01,-6.156415342319471184e-01,5.585424930366102103e+00,1.732400551564642899e-01
-4.530636435936911255e+01,-6.116854053569853455e-01,5.619692553150957615e+00,1.701208256673604757e-01
-4.526659743480085041e+01,-6.074585952388853460e-01,5.653700159215746979e+00,1.669823056182376808e-01
-4.522685913470908758e+01,-6.029662693984153554e-01,5.687450051731564926e+00,1.638282494739486672e-01
-4.518715210630645629e+01,-5.982138083488530711e-01,5.720943246959761197e+00,1.606622786340220765e-01
-4.514747753559116461e+01,-5.932064738658059388e-01,5.754181951013794816e+00,1.574878329720241221e-01
-4.510783487429355176e+01,-5.879493201929537616e-01,5.787169747813345921e+00,1.543081632645682821e-01
-4.506822489904157436e+01,-5.824475708540187702e-01,5.819909034274289183e+00,1.511263647399494481e-01
-4.502864828784669982e+01,-5.767064467516459514e-01,5.852402225839216321e+00,1.479454195283603501e-01
-4.498910562270716440e+01,-5.707311605583723635e-01,5.884651754943646118e+00,1.447681850082054023e-01
-4.494959839340514662e+01,-5.645270715658375904e-01,5.916659261020884131e+00,1.415974341173336093e-01
-4.491012950685145455e+01,-5.580997934301201724e-01,5.948425209003366021e+00,1.384357041186674020e-01
-4.487069611230687372e+01,-5.514540009624084860e-01,5.979954646695009757e+00,1.352853563191025177e-01
-4.483129843252859814e+01,-5.445948278585374114e-01,6.011250064703316909e+00,1.322006029246622916e-01
-4.479193661486991118e+01,-5.375272925368692611e-01,6.044912159048028144e+00,1.296978446424593145e-01
-4.475261092385720474e+01,-5.302554928126287370e-01,6.079502267857314735e+00,1.275552739995825802e-01
-4.471332573357703666e+01,-5.227837367673323632e-01,6.113814389522290504e+00,1.254281394030361541e-01
-4.467407896388017718e+01,-5.151151177964810035e-01,6.147854503450407293e+00,1.233123136345345983e-01
-4.463486937363636997e+01,-5.072528357517678277e-01,6.181627704016535496e+00,1.212086551612016339e-01
-4.459569710623637206e+01,-4.992003324966799438e-01,6.215137766736805958e+00,1.191180051700082287e-01
-4.455656225692901984e+01,-4.909610212991161182e-01,6.248388406939676898e+00,1.170412686417888065e-01
-4.451747032660981063e+01,-4.825394731317635966e-01,6.281378695501751430e+00,1.149792216975848852e-01
-4.447841731202419879e+01,-4.739382258803184200e-01,6.314115671083774473e+00,1.129325653358776715e-01
-4.443940204202406363e+01,-4.651603606335677488e-01,6.346603838593512847e+00,1.109018530085917331e-01
-4.440042443271710226e+01,-4.562091650399384135e-01,6.378846691818717218e+00,1.088877056287767403e-01
-4.436148711387677679e+01,-4.470885431417942479e-01,6.410845414805801390e+00,1.068907515070337544e-01
-4.432259215509848360e+01,-4.378022867961772202e-01,6.442601621492798358e+00,1.049114903825268813e-01
-4.428373468678585567e+01,-4.283524956504796144e-01,6.474122500274088310e+00,1.029503302134345544e-01
-4.424491447081383910e+01,-4.187423144270726039e-01,6.505411340355711225e+00,1.010076360005426749e-01
-4.420613342784871946e+01,-4.089754066847247072e-01,6.536469629968352457e+00,9.908387952390448894e-02
-4.416739550023466165e+01,-3.990559643746546259e-01,6.567297222296668124e+00,9.717938956607702350e-02
-4.412869422710414824e+01,-3.889854890962743950e-01,6.597902181814371048e+00,9.533020236836282912e-02
-4.409002922338031283e+01,-3.787669080351292461e-01,6.630324440766049321e+00,9.392194476923768076e-02
-4.405140441196113699e+01,-3.684035822127570414e-01,6.663527681117752621e+00,9.281129557814542241e-02
-4.401282093376985216e+01,-3.578976816370116332e-01,6.696479176701098268e+00,9.173055418250837534e-02
-4.397427371992419864e+01,-3.472496177625732372e-01,6.729188414368234561e+00,9.067438807777661314e-02
-4.393576280657829614e+01,-3.364611228803856546e-01,6.761660327309454210e+00,8.964217485033268429e-02
-4.389729597246802939e+01,-3.255361055789928737e-01,6.793893236423768300e+00,8.863330038952038636e-02
-4.385886684376517763e+01,-3.144744553857471980e-01,6.825897231814320065e+00,8.764715753183954794e-02
-4.382047400239488155e+01,-3.032773823876077079e-01,6.857678048053067243e+00,8.668312683187462397e-02
-4.378212147875253635e+01,-2.919476597705750742e-01,6.889236792776653573e+00,8.574067221811959572e-02
-4.374381048780596615e+01,-2.804872390413337691e-01,6.920576823669732924e+00,8.481924278982617971e-02
-4.370553573057618735e+01,-2.688960709148301986e-01,6.951706683086610106e+00,8.391828587721236743e-02
-4.366729878709705304e+01,-2.571761163729214816e-01,6.982629152213032597e+00,8.303730462514120891e-02
-4.362910581462971749e+01,-2.453307556654686084e-01,7.013343260452948869e+00,8.217579897518942356e-02
-4.359094899601196005e+01,-2.333590169568124650e-01,7.043859184655526740e+00,8.133327507718170202e-02
-4.355282859803369888e+01,-2.212623654044619248e-01,7.074180449175021757e+00,8.050927313586191125e-02
-4.351475339566924561e+01,-2.090449858832565955e-01,7.104303772061843603e+00,7.970333906109129674e-02
-4.347671425300119097e+01,-1.967053163047553233e-01,7.134239981052065360e+00,7.891503144237420331e-02
-4.343871120480898895e+01,-1.842446611604149909e-01,7.163992500011495679e+00,7.814392407076248270e-02
-4.340075333183884254e+01,-1.716673113953045282e-01,7.193557638422463540e+00,7.739722565983346569e-02
-4.336283146578035286e+01,-1.589715023562544016e-01,7.224021070939892653e+00,7.672629306995464027e-02
-4.332494614207426764e+01,-1.461585155244580214e-01,7.254568375423010806e+00,7.610711123339101991e-02
-4.328710534606221216e+01,-1.332321110206161063e-01,7.284927431820095833e+00,7.551554070910652949e-02
-4.324930070895253209e+01,-1.201904415262345233e-01,7.315109651955475911e+00,7.495072455924711718e-02
-4.321153397308800237e+01,-1.070350413367962550e-01,7.345118182212752700e+00,7.441194851487127615e-02
-4.317381029545190074e+01,-9.376863119501363530e-02,7.374953386102742314e+00,7.389854995021089001e-02
-4.313612320077376694e+01,-8.038980904941132877e-02,7.404624727984863597e+00,7.340990961953557103e-02
-4.309847567023983572e+01,-6.690044919054821682e-02,7.434134079528335270e+00,7.294543022387167674e-02
-4.306086954951432944e+01,-5.330201202621732276e-02,7.463484137379562178e+00,7.250456045453132492e-02
-4.302330055694886823e+01,-3.959369628726133739e-02,7.492682278004885177e+00,7.208678629768103252e-02
-4.298577284639075202e+01,-2.577772466706343760e-02,7.521729215392996437e+00,7.169161382772376578e-02
-4.294828499614053641e+01,-1.185425555359761150e-02,7.550629917692596393e+00,7.131858915871730487e-02
-4.291083493714984343e+01,2.176852795914614985e-03,7.579389748039698560e+00,7.096729012792245272e-02
-4.287342770650504775e+01,1.631310940602092446e-02,7.608008539653683400e+00,7.063731492742032769e-02
-4.283605911967521962e+01,3.055552459215586311e-02,7.636493122949833179e+00,7.032829847945913648e-02
-4.279873000817531903e+01,4.490326306539153128e-02,7.664846406350464214e+00,7.003989530376272810e-02
-4.276144309791818188e+01,5.935477746953764233e-02,7.693069806978368952e+00,6.977178901369755770e-02
-4.272419504803961132e+01,7.391090154408823387e-02,7.721169272819467189e+00,6.952369182593519381e-02
-4.268698832325758019e+01,8.857025043774671702e-02,7.749146297491460444e+00,6.929429694415589758e-02
-4.264982256675273220e+01,1.033325660342663127e-01,7.777003199362240160e+00,6.896533998181299252e-02
-4.261269652920867657e+01,1.181977829852170203e-01,7.804747546013331316e+00,6.842440656430659462e-02
-4.257561290463311110e+01,1.331638885582931975e-01,7.832375761617438314e+00,6.786926178106365837e-02
-4.253856916224973617e+01,1.482309432872761790e-01,7.859893049917406671e+00,6.732507577150013967e-02
-4.250156591713096077e+01,1.633977625798570532e-01,7.887300983579948799e+00,6.679165690520137699e-02
-4.246460410814119513e+01,1.786630369011979469e-01,7.914600868500874853e+00,6.626882315759086151e-02
-4.242768199170738086e+01,1.940265821675744295e-01,7.941795959120664605e+00,6.575640185430374485e-02
-4.239080106834318684e+01,2.094868874661801605e-01,7.968887085067448695e+00,6.525421702419320624e-02
-4.235396043702973401e+01,2.250434574236451490e-01,7.995876814882366901e+00,6.476210433706697245e-02
-4.231715973617427551e+01,2.406955934687693699e-01,8.022767287559798177e+00,6.427990324208417150e-02
-4.228040022980396628e+01,2.564419183522634871e-01,8.049559428226210400e+00,6.380745573824098127e-02
-4.224368043552881602e+01,2.722822439714786547e-01,8.076256138552386332e+00,6.334461320630316306e-02
-4.220700106338192370e+01,2.882154597539158258e-01,8.102858695468063033e+00,6.289122583433057190e-02
-4.217036196263462244e+01,3.042408394710908182e-01,8.129368977918508321e+00,6.244715287595056091e-02
-4.213376269160623622e+01,3.203578021621155125e-01,8.155789049457029094e+00,6.201225780643265795e-02
-4.209720387960344823e+01,3.365653104255522110e-01,8.182120177004183148e+00,6.158640664776170170e-02
-4.206068488714512910e+01,3.528629020431798269e-01,8.208364519938932347e+00,6.116947233596274625e-02
-4.202420589939946183e+01,3.692497650107747775e-01,8.234523621354357559e+00,6.076132947116585914e-02
-4.198776684864916575e+01,3.857252140218700998e-01,8.260599185540055345e+00,6.036185929463611793e-02
-4.195136769929530374e+01,4.022885638989116552e-01,8.286592873542204529e+00,5.997794242484975891e-02
-4.191500833397149250e+01,4.189391935973823533e-01,8.311650681662690943e+00,5.982335785845591808e-02
-4.187868896300525279e+01,4.356767348595519396e-01,8.335531529778283044e+00,5.993389208118135580e-02
-4.184240988474871159e+01,4.525012442724973827e-01,8.359345625513231681e+00,6.006047516870622466e-02
-4.180617116909808573e+01,4.694129129175912962e-01,8.383093731968418894e+00,6.018792960837510142e-02
-4.176997340475878673e+01,4.864116910420739903e-01,8.406776263915054059e+00,6.031625239677677192e-02
-4.173381666700153403e+01,5.034977697559340770e-01,8.430393964437838505e+00,6.044544013817163691e-02
-4.169770133215013175e+01,5.206712001103732668e-01,8.453947371649514153e+00,6.057548947681450774e-02
-4.166162785009836966e+01,5.379319978401010394e-01,8.477436968417837448e+00,6.070639724106352553e-02
-4.162559614113343542e+01,5.552804335827338233e-01,8.500863574739012662e+00,6.083815975515761976e-02
-4.158960690422270545e+01,5.727164050290015629e-01,8.524227496607046817e+00,6.097077367444719148e-02
-4.155366026595432061e+01,5.902400858972393083e-01,8.547529405087137988e+00,6.110423519406825432e-02
-4.151775648090188042e+01,6.078515899697297664e-01,8.570769880710276567e+00,6.123854057711792392e-02
-4.148189610427446894e+01,6.255508837011921619e-01,8.593949302710649718e+00,6.137368626359857027e-02
-4.144607906658391272e+01,6.433382425882385736e-01,8.617068447384975016e+00,6.150966816324575370e-02
-4.141030599924046385e+01,6.612135963326999377e-01,8.640127631556625332e+00,6.164648245409424382e-02
-4.137457716446112244e+01,6.791770577406093246e-01,8.663127404169385315e+00,6.178412501815509772e-02
-4.133889265973234473e+01,6.972288246721092264e-01,8.686068413450586334e+00,6.192259161931325251e-02
-4.130325315013666199e+01,7.153688087438209164e-01,8.708950936474570526e+00,6.206187828056736189e-02
-4.126765863126743739e+01,7.335972619426891494e-01,8.731775674378898344e+00,6.220198040903368586e-02
-4.123210959540092091e+01,7.519141844155069476e-01,8.754543003375209409e+00,6.233827854800586682e-02
-4.119660648424173388e+01,7.703195929197563796e-01,8.776319253656524211e+00,6.240592862488857778e-02
-4.116114915671421670e+01,7.888136829727986354e-01,8.797419919230899055e+00,6.242031069507883445e-02
-4.112573829420310290e+01,8.073961254512672658e-01,8.818471943268598068e+00,6.243340167138256708e-02
-4.109037388611193364e+01,8.260669489015345368e-01,8.839475791002447735e+00,6.244658446779702277e-02
-4.105505615625086335e+01,8.448260595275445262e-01,8.860431784163511182e+00,6.245985902355205566e-02
-4.101978557130617276e+01,8.636732329073376624e-01,8.881340096699929632e+00,6.247322533679169204e-02
-4.098456195007763370e+01,8.826085903679524725e-01,8.902201282809761196e+00,6.248668329133042626e-02
-4.094938588233068089e+01,9.016318398147635804e-01,8.923015436075543150e+00,6.250023282721881013e-02
-4.091425751172001668e+01,9.207429273858267482e-01,8.943782910777477113e+00,6.251387381768151730e-02
-4.087917688612400013e+01,9.399418523619251786e-01,8.964504113930939155e+00,6.252760614351665636e-02
-4.084414454287998097e+01,9.592283455866635888e-01,8.985179159869797871e+00,6.254142967513541540e-02
-4.080916041664332283e+01,9.786024680936930009e-01,9.005808515258790337e+00,6.255534423214868800e-02
-4.077422489762661684e+01,9.980640297026956986e-01,9.026392374418994891e+00,6.256934964396078380e-02
-4.073933830643647980e+01,1.017612876697373103e+00,9.046930969527227973e+00,6.258344572988489007e-02
-4.070450053487206787e+01,1.037249096010416149e+00,9.067424781715482496e+00,6.259763225169780176e-02
-4.066971218120363574e+01,1.056972376778359424e+00,9.087873873076601328e+00,6.261190899645154018e-02
-4.063497328501868111e+01,1.076782722223406097e+00,9.108278631128293057e+00,6.262627571939149984e-02
-4.060028405831733522e+01,1.096680038346436792e+00,9.128639338679805704e+00,6.264073210683511472e-02
-4.056564492655276410e+01,1.116664107319208510e+00,9.148956150192013581e+00,6.265527794267385098e-02
-4.053105579871181163e+01,1.136735008679200964e+00,9.169229519928983052e+00,6.266584561684129806e-02
-4.049651717056394062e+01,1.156892474711817442e+00,9.188461484243322985e+00,6.264591140200959085e-02
-4.046202919271579646e+01,1.177136379926317478e+00,9.207398712331475110e+00,6.261186047296854462e-02
-4.042759189109920470e+01,1.197466646349710340e+00,9.226298383383758406e+00,6.257739587116244173e-02
-4.039320569600431554e+01,1.217882955941455680e+00,9.245160540987882314e+00,6.254258968767195670e-02
-4.035887059258985232e+01,1.238385252560612271e+00,9.263985470775043751e+00,6.250744531035271057e-02
-4.032458685503088702e+01,1.258973307386928697e+00,9.282773297629518083e+00,6.247196607002507285e-02
-4.029035475370102404e+01,1.279646891343338533e+00,9.301524146446062957e+00,6.243615530241732048e-02
-4.025617422389784394e+01,1.300405976907398786e+00,9.320238323479882681e+00,6.240001639398486816e-02
-4.022204569987952993e+01,1.321250233011443065e+00,9.338915859624140836e+00,6.236355266784589235e-02
-4.018796925828912237e+01,1.342179544058748286e+00,9.357556979504387584e+00,6.232676755490724335e-02
-4.015394504464221370e+01,1.363193751905473761e+00,9.376161867926040117e+00,6.228966437680429069e-02
-4.011997335832264611e+01,1.384292601738280393e+00,9.394730623529678581e+00,6.225224650492537648e-02
-4.008605422599605816e+01,1.405476006561157121e+00,9.413263492011980205e+00,6.221451733392692474e-02
-4.005218793522837473e+01,1.426743715873033391e+00,9.431760574467759284e+00,6.217648022786162465e-02
-4.001837466129904186e+01,1.448095547440454878e+00,9.450222031392815580e+00,6.213813855603834285e-02
-3.998461448480384917e+01,1.469531378029535373e+00,9.468648072987196684e+00,6.209949571780652711e-02
-3.995090769805448616e+01,1.491050948900843665e+00,9.487038791944502947e+00,6.206055505636979414e-02
-3.991725440118530344e+01,1.512654122081784402e+00,9.505394383924244295e+00,6.202131998295584009e-02
-3.988365478447573054e+01,1.534340701004501817e+00,9.523714993488063385e+00,6.198178993018287758e-02
-3.985010905733074082e+01,1.556110475123655190e+00,9.541982058614577156e+00,6.123736085428320430e-02
-3.981661670460472635e+01,1.577962359540058257e+00,9.559199775083254025e+00,5.782235818408752032e-02
-3.978317499139242841e+01,1.599891617697399848e+00,9.576386690246893707e+00,5.377391147439491287e-02
-3.974978050722442191e+01,1.621892743623768451e+00,9.593542892364514074e+00,4.972457256992127844e-02
-3.971642983925873693e+01,1.643960230848857451e+00,9.610668469499664468e+00,4.567466994594170798e-02
-3.968311952711087542e+01,1.666088602835485544e+00,9.627763532785703404e+00,4.162447105966492894e-02
-3.964984610096427531e+01,1.688272388410574143e+00,9.644828196893552530e+00,3.757418538096225780e-02
-3.961660604412210773e+01,1.710506147182833780e+00,9.661862599264553708e+00,3.352396972604004127e-02
-3.958339581025380483e+01,1.732784458601132505e+00,9.678866891238195436e+00,2.947393457364134647e-02
-3.955021187997099474e+01,1.755101884205457763e+00,9.695841209090446000e+00,2.542414691090634851e-02
-3.951705064139011370e+01,1.777453048064581598e+00,9.712785735130761822e+00,2.137463792228865012e-02
-3.948390852267028350e+01,1.799832547830094720e+00,9.729700629849634907e+00,1.732540532440336734e-02
-3.945078192087422764e+01,1.822235002582352159e+00,9.746586068281803961e+00,1.327642106522261729e-02
-3.941766721060078282e+01,1.844655047063457287e+00,9.763442235513350553e+00,9.227635048631199419e-03
-3.938456078162100482e+01,1.867087306119958434e+00,9.780269307474755536e+00,5.178980114003259652e-03
-3.935145899599536534e+01,1.889526423611866290e+00,9.797067472730896398e+00,1.130378193943499740e-03
-3.931835822909021516e+01,1.911967034485805073e+00,9.813836911588889933e+00,-2.918256322722425754e-03
-3.928525483474599156e+01,1.934403788216580100e+00,9.830577813735517978e+00,-6.967009350835306689e-03
-3.925214520061734191e+01,1.956831311131829843e+00,9.847290350209464194e+00,-1.101596408646461113e-02
-3.921902568425862512e+01,1.979244249568790526e+00,9.863974705712781343e+00,-1.505269017009788074e-02
-3.918589267985211677e+01,2.001637248672269109e+00,9.878072456975186100e+00,-1.752953107759628801e-02
-3.915274400629495943e+01,2.024007001683913121e+00,9.884354015885694622e+00,-1.695061247315367975e-02
-3.911958015055761706e+01,2.046354296893280633e+00,9.890631649244630452e+00,-1.601687330104223372e-02
-3.908640200242037821e+01,2.068680335370195689e+00,9.896905350026322878e+00,-1.508302715930628403e-02
-3.905321039425920304e+01,2.090986357108482352e+00,9.903175122087928273e+00,-1.414908684598748488e-02
-3.902000616168789549e+01,2.113273600075699310e+00,9.909440968673937533e+00,-1.321506398183039215e-02
-3.898679016541173326e+01,2.135543285570638439e+00,9.915702888300355511e+00,-1.228096918475369420e-02
-3.895356322799106152e+01,2.157796660627408603e+00,9.921960886680366798e+00,-1.134681234938720099e-02
-3.892032619872617971e+01,2.180034954476272269e+00,9.928214964485610139e+00,-1.041260245650260131e-02
-3.888707991574673883e+01,2.202259403947161687e+00,9.934465124492071197e+00,-9.478347707878158682e-03
-3.885382520463129907e+01,2.224471254342813786e+00,9.940711371828523824e+00,-8.544055680426090524e-03
-3.882056291018763261e+01,2.246671738191948542e+00,9.946953708003771766e+00,-7.609733239087735322e-03
-3.878729386010800795e+01,2.268862099516870678e+00,9.953192137733259059e+00,-6.675386768041038921e-03
-3.875401888731251887e+01,2.291043578895447297e+00,9.959426664740281154e+00,-5.741022048485272360e-03
-3.872073882292851721e+01,2.313217418138064030e+00,9.965657293073022061e+00,-4.806644482429629772e-03
-3.868745449718227292e+01,2.335384859681173264e+00,9.971884026935720513e+00,-3.872259044477022617e-03
-3.865416673896775279e+01,2.357547146864042986e+00,9.978106870767915026e+00,-2.937870405191539153e-03
-3.862087637570100895e+01,2.379705524015730767e+00,9.984325829270066066e+00,-2.003482989341979440e-03
-3.858758424048308200e+01,2.401861231679642827e+00,9.990540906065263016e+00,-1.069100985357847094e-03
-3.855429115448239941e+01,2.424015518330167929e+00,9.996752106987777609e+00,-1.521385825287719230e-04
-3.852099793563385788e+01,2.446169601130549154e+00,9.999999999995452526e+00,3.172293313883099491e-04
-3.848770499760409081e+01,2.468324106448366528e+00,9.999999999995452526e+00,3.111336753028550893e-04
-3.845441233128089209e+01,2.490479028637841541e+00,9.999999999995452526e+00,2.820468073925218072e-04
-3.842111992082196537e+01,2.512634322366057660e+00,9.999999999995452526e+00,2.529605828977096369e-04
-3.838782773098473911e+01,2.534789955211576906e+00,9.999999999995452526e+00,2.238749216035310302e-04
-3.835453573958793072e+01,2.556945886062151452e+00,9.999999999995452526e+00,1.947897621582068885e-04
-3.832124392229709287e+01,2.579102075239287473e+00,9.999999999995452526e+00,1.657050186572250569e-04
-3.828795224987145929e+01,2.601258486330535469e+00,9.999999999995452526e+00,1.366206307661176718e-04
-3.825466070007443165e+01,2.623415078262719913e+00,9.999999999995452526e+00,1.075365235433097064e-04
-3.822136924492290433e+01,2.645571813787644277e+00,9.999999999995452526e+00,7.845262505686995136e-05
-3.818807785916603592e+01,2.667728653839117836e+00,9.999999999995452526e+00,4.936886259926331845e-05
-3.815478651733958770e+01,2.689885559493226719e+00,9.999999999995452526e+00,2.028516792653224426e-05
-3.812149519352666971e+01,2.712042492127446192e+00,9.999999999995452526e+00,-8.798532407587293731e-06
-3.808820386196408947e+01,2.734199413016948910e+00,9.999999999995452526e+00,-3.788230610953268108e-05
-3.805491249619552008e+01,2.756356283898077741e+00,9.999999999995452526e+00,-6.696623417922240940e-05
-3.802162107291599114e+01,2.778513064409519284e+00,9.999999999995452526e+00,-9.605037437921982177e-05
-3.798832956196223876e+01,2.800669718754019044e+00,9.999999999995452526e+00,-1.251348086041428431e-04
-3.795503794144643450e+01,2.822826205626139284e+00,9.999999999995452526e+00,-1.542196036133471667e-04
-3.792174618566988897e+01,2.844982486256053988e+00,9.999999999995452526e+00,-1.833048350776174808e-04
-3.788845426396910199e+01,2.867138525177207686e+00,9.999999999995452526e+00,-2.119397218375671682e-04
-3.785516215842607579e+01,2.889294279305924196e+00,9.999999999995452526e+00,-2.360278244364141928e-04
-3.782186984129458551e+01,2.911449720833703569e+00,9.999999999995452526e+00,-2.574815825516670585e-04
-3.778857729600751014e+01,2.933604819572959599e+00,9.999999999995452526e+00,-2.789034630538156649e-04
-3.775528450804588942e+01,2.955759544034552100e+00,9.999999999995452526e+00,-3.003257163421131182e-04
-3.772199144676833527e+01,2.977913873457208371e+00,9.999999999995452526e+00,-3.217483628548917056e-04
-3.768869810493082895e+01,3.000067771509297376e+00,9.999999999995452526e+00,-3.431713997559513482e-04
-3.765540445917167034e+01,3.022221212583809713e+00,9.999999999995452526e+00,-3.645948587115194119e-04
-3.762211048732651619e+01,3.044374170275900404e+00,9.999999999995452526e+00,-3.860187482194946248e-04
-3.758881617846749634e+01,3.066526610703523392e+00,9.999999999995452526e+00,-4.074430764060715826e-04
-3.755552150372420783e+01,3.088678511922007708e+00,9.999999999995452526e+00,-4.288678619237333805e-04
-3.752222645085548436e+01,3.110829840921552236e+00,9.999999999995452526e+00,-4.502931119871806981e-04
-3.748893100261995670e+01,3.132980568018600476e+00,9.999999999995452526e+00,-4.717188553187601392e-04
-3.745563512963860830e+01,3.155130671603263437e+00,9.999999999995452526e+00,-4.931450881744765726e-04
-3.742233882531608202e+01,3.177280114907662600e+00,9.999999999995452526e+00,-5.145718327277384527e-04
-3.738904206333862845e+01,3.199428874280614288e+00,9.999999999995452526e+00,-5.359990990940114277e-04
-3.735574482493445458e+01,3.221576921052545117e+00,9.999999999995452526e+00,-5.574269097203624892e-04
-3.732244709875833877e+01,3.243724221613337733e+00,9.999999999995452526e+00,-5.788552676546839795e-04
-3.728914885193328388e+01,3.265870756673181496e+00,9.999999999995452526e+00,-6.002841902568896437e-04
-3.725585007773054258e+01,3.288016489549532295e+00,9.999999999995452526e+00,-6.217136814959412514e-04
-3.722255075488654086e+01,3.310161393226246584e+00,9.999999999995452526e+00,-6.268564269691521626e-04
-3.718925087108901550e+01,3.332305466013953943e+00,9.999999999995452526e+00,-5.532918730168387509e-04
-3.715595050371936026e+01,3.354448797740221533e+00,9.999999999995452526e+00,-4.559823832346834209e-04
-3.712264972815795261e+01,3.376591525166652286e+00,9.999999999995452526e+00,-3.586659773746204006e-04
-3.708934863541250593e+01,3.398733774676499841e+00,9.999999999995452526e+00,-2.613475505805890314e-04
-3.705604731739538238e+01,3.420875672055796901e+00,9.999999999995452526e+00,-1.640270999849806832e-04
-3.702274584392701939e+01,3.443017357783144661e+00,9.999999999995452526e+00,-6.670459810572250490e-05
-3.698944431792266130e+01,3.465158950336666432e+00,9.999999999995452526e+00,3.061996961451266246e-05
-3.695614281875060669e+01,3.487300583854535230e+00,9.999999999995452526e+00,1.279466215744137769e-04
-3.692284142903425703e+01,3.509442390314680971e+00,9.999999999995452526e+00,2.252753736808775422e-04
-3.688954024545187593e+01,3.531584492354049143e+00,9.999999999995452526e+00,3.226062462479023529e-04
-3.685623934062362395e+01,3.553727028609934280e+00,9.999999999995452526e+00,4.199392612691128768e-04
-3.682293881039609573e+01,3.575870122280316199e+00,9.999999999995452526e+00,5.172744124756932169e-04
-3.678963874230064590e+01,3.598013902095833050e+00,9.999999999995452526e+00,6.146117603234791315e-04
-3.675633921018088301e+01,3.620158505893833478e+00,9.999999999995452526e+00,7.119512763714665659e-04
-3.672304031536263835e+01,3.642304053240104089e+00,9.999999999995452526e+00,8.092930037321472867e-04
-3.668974213463516065e+01,3.664450680021865914e+00,9.999999999995452526e+00,9.066369535847081020e-04
-3.665644475527109591e+01,3.686598515159114964e+00,9.999999999995452526e+00,1.003983127850543045e-03
-3.662314827208573575e+01,3.708747682558286574e+00,9.999999999995452526e+00,1.101331563645545700e-03
-3.658985275490037736e+01,3.730898322756631913e+00,9.999999999995452526e+00,1.198404547273588996e-03
-3.655655830459372169e+01,3.753050555101831609e+00,9.999999999995452526e+00,1.204487732791156059e-03
-3.652326492316944950e+01,3.775204389945060246e+00,9.999999999995452526e+00,9.889071517446613481e-04
-3.648997241204921949e+01,3.797359545306338013e+00,9.999999999995452526e+00,7.402080908743443027e-04
-3.645668056326135797e+01,3.819515681836497034e+00,9.999999999995452526e+00,4.915034007733636197e-04
-3.642338914531296012e+01,3.841672475828581401e+00,9.999999999995452526e+00,2.427934369042126963e-04
-3.639009794328289615e+01,3.863829592536894619e+00,9.999999999995452526e+00,-5.921529629908662836e-06
-3.635680674108913024e+01,3.885986697978526916e+00,9.999999999995452526e+00,-2.546411859138342985e-04
-3.632351530475024504e+01,3.908143470074547210e+00,9.999999999995452526e+00,-5.033652217424665950e-04
-3.629022342790947420e+01,3.930299568352102479e+00,9.999999999995452526e+00,-7.520933343289529878e-04
-3.625693088415128074e+01,3.952454665680550594e+00,9.999999999995452526e+00,-1.000825222782828318e-03
-3.622363745115134037e+01,3.974608432198690089e+00,9.999999999995452526e+00,-1.249560550682596565e-03
-3.619034291576057427e+01,3.996760531933765126e+00,9.999999999995452526e+00,-1.498299041159480366e-03
-3.615704704833727590e+01,4.018910639880358460e+00,9.999999999995452526e+00,-1.747040326864049767e-03
-3.612374963551253870e+01,4.041058420201056656e+00,9.999999999995452526e+00,-1.995784115825021895e-03
-3.609045045719411604e+01,4.063203541527406593e+00,9.999999999995452526e+00,-2.244530045111777818e-03
-3.605714928691072174e+01,4.085345676728059594e+00,9.999999999995452526e+00,-2.493277782046651736e-03
-3.602384591260348401e+01,4.107484489084781032e+00,9.999999999995452526e+00,-2.742026961435326590e-03
-3.599054010939990178e+01,4.129619650396355368e+00,9.999999999995452526e+00,-2.990777211014975043e-03
-3.595723165856418291e+01,4.151750828379373814e+00,9.999999999995452526e+00,-3.239528156345810629e-03
-3.592392034341958151e+01,4.173877689382283762e+00,9.999999999995452526e+00,-3.479328608462219259e-03
-3.589060594666248249e+01,4.195999917353879560e+00,9.999999999995452526e+00,-3.375034375457115331e-03
-3.585728856655723007e+01,4.218117647258362801e+00,9.999999999995452526e+00,-2.825969004048534301e-03
-3.582396868665479417e+01,4.240231612051803545e+00,9.999999999995452526e+00,-2.247394745607067187e-03
-3.579064681976582563e+01,4.262342581909796202e+00,9.999999999995452526e+00,-1.668816066021047836e-03
-3.575732347639817732e+01,4.284451328544562898e+00,9.999999999995452526e+00,-1.090235910367320753e-03
-3.572399917020317162e+01,4.306558621585580227e+00,9.999999999995452526e+00,-5.116571377887068738e-04
-3.569067441189177003e+01,4.328665232610509506e+00,9.999999999995452526e+00,6.691738506067884131e-05
-3.565734970877964827e+01,4.350771935441068550e+00,9.999999999995452526e+00,6.454848058663708015e-04
-3.562402558332906466e+01,4.372879493837393383e+00,9.999999999995452526e+00,1.224042287514789159e-03
-3.559070253517133153e+01,4.394988686686445156e+00,9.999999999995452526e+00,1.802586970608490401e-03
-3.555738108100472772e+01,4.417100281528556494e+00,9.999999999995452526e+00,2.381115949372977422e-03
-3.552406173677793078e+01,4.439215046369398010e+00,9.999999999995452526e+00,2.959626334533700144e-03
-3.549074500167841251e+01,4.461333760305046248e+00,9.999999999995452526e+00,3.538115047941592199e-03
-3.545743140638685986e+01,4.483457181482439324e+00,9.999999999995452526e+00,4.116579081670102523e-03
-3.542412144952880482e+01,4.505586089283573514e+00,9.999999999995452526e+00,4.695015240749396412e-03
-3.539081564128178314e+01,4.527721255371738529e+00,9.999999999995452526e+00,5.273420246942839458e-03
-3.535751451632967246e+01,4.549863435056249905e+00,9.999999999995452526e+00,5.851790753616278699e-03
-3.532421856103020019e+01,4.572013415708514827e+00,9.999999999995452526e+00,6.430123144013119400e-03
-3.529092830841456419e+01,4.594171953590381108e+00,9.999999999995452526e+00,7.008413845652641458e-03
-3.525764427094069475e+01,4.616339818560829755e+00,9.999999999995452526e+00,7.514641591171888207e-03
-3.522436687935636712e+01,4.638517696446623262e+00,9.999999999995452526e+00,7.079327071637136169e-03
-3.519109579123746556e+01,4.660704978840038315e+00,9.999999999995452526e+00,5.983121397272881357e-03
-3.515782999924228136e+01,4.682900230341576986e+00,9.999999999995452526e+00,4.873291914481992816e-03
-3.512456853064814766e+01,4.705101966287143611e+00,9.999999999995452526e+00,3.763525258493509787e-03
-3.509131041590604383e+01,4.727308700000236286e+00,9.999999999995452526e+00,2.653817775068506926e-03
-3.505805464387459836e+01,4.749518972689895868e+00,9.999999999995452526e+00,1.544165664152287974e-03
-3.502480025430079991e+01,4.771731291689791377e+00,9.999999999995452526e+00,4.345644914540397583e-04
-3.499154624816227965e+01,4.793944190323552235e+00,9.999999999995452526e+00,-6.749900283448895732e-04
-3.495829163285542762e+01,4.816156197717847753e+00,9.999999999995452526e+00,-1.784502290832555831e-03
-3.492503544901688173e+01,4.838365820879160673e+00,9.999999999995452526e+00,-2.893976719708982008e-03
-3.489177668407086941e+01,4.860571602426434268e+00,9.999999999995452526e+00,-4.003417387057880972e-03
-3.485851436629259581e+01,4.882772057760812245e+00,9.999999999995452526e+00,-5.112828337258195147e-03
-3.482524751414966602e+01,4.904965708894454046e+00,9.999999999995452526e+00,-6.222213074934615680e-03
-3.479197513218713311e+01,4.927151087174531874e+00,9.999999999995452526e+00,-7.331574562001253251e-03
-3.475869625644148186e+01,4.949326702994141236e+00,9.999999999995452526e+00,-8.440915367664062613e-03
-3.472540989290390456e+01,4.971491086818224936e+00,9.999999999995452526e+00,-9.550237192131902017e-03
-3.469211506351372520e+01,4.993642758514521773e+00,9.999999999995452526e+00,-1.065954102365748897e-02
-3.465881080216729515e+01,5.015780230042697241e+00,9.999999999995452526e+00,-1.176882696598038555e-02
-3.462549611894986157e+01,5.037902029230981960e+00,9.999999999995452526e+00,-1.287809401197929568e-02
-3.459217005085336893e+01,5.060006666067367043e+00,9.999999999995452526e+00,-1.392783445216857173e-02
-3.455883167564019232e+01,5.082092737752367029e+00,9.986269798662485542e+00,-1.461976283212006351e-02
-3.452548038902659044e+01,5.104159317249576944e+00,9.970382855014795709e+00,-1.517862483047583040e-02
-3.449211571970512580e+01,5.126205644721532728e+00,9.954470590330679158e+00,-1.573731658302374853e-02
-3.445873717939611680e+01,5.148230971892753693e+00,9.938532865097023716e+00,-1.629606415361546309e-02
-3.442534429350659053e+01,5.170234541346982127e+00,9.922569545284316561e+00,-1.685487012999901252e-02
-3.439193658282828636e+01,5.192215598615682381e+00,9.906580493610434246e+00,-1.741373664994218945e-02
-3.435851357543783280e+01,5.214173384335301975e+00,9.890565575222808548e+00,-1.797266547759919855e-02
-3.432507479228363678e+01,5.236107143723077506e+00,9.874524650789938462e+00,-1.853165794930709126e-02
-3.429161976381314503e+01,5.258016115652375255e+00,9.858457584460978751e+00,-1.909071493798780023e-02
-3.425814802421923133e+01,5.279899536455047837e+00,9.842364241112806056e+00,-1.964983697599848381e-02
-3.422465908909794763e+01,5.301756654506287525e+00,9.826244475588525873e+00,-2.020902400400545126e-02
-3.419115250808328454e+01,5.323586695850178074e+00,9.810098158013904168e+00,-2.076827561895814092e-02
-3.415762780673850330e+01,5.345388902148368260e+00,9.793925145828803025e+00,-2.132759081012272975e-02
-3.412408451837559653e+01,5.367162509897598355e+00,9.777725299086544197e+00,-2.188696814210095223e-02
-3.409052219529421279e+01,5.388906743197071414e+00,9.761498485899309685e+00,-2.244640570491123616e-02
-3.405694035481401016e+01,5.410620848726938270e+00,9.745244556340653119e+00,-2.300590094174690889e-02
-3.402333855731529866e+01,5.432304045210929466e+00,9.728963380174700859e+00,-2.356545089801138915e-02
-3.398971634562831667e+01,5.453955562687507808e+00,9.712654817540549601e+00,-2.412505193806115458e-02
-3.395607324903964042e+01,5.475574639820832701e+00,9.696318720839622429e+00,-2.468445240982847927e-02
-3.392240883944560181e+01,5.497160488307452297e+00,9.679174587740524416e+00,-2.487029652305020738e-02
-3.388872297261987399e+01,5.518712847579935854e+00,9.654585047928902597e+00,-2.393097835809417789e-02
-3.385501649662688095e+01,5.540232958382692807e+00,9.629932621883373400e+00,-2.278055593888145269e-02
-3.382129043177710770e+01,5.561722352104039757e+00,9.605216867344600118e+00,-2.162998953229092886e-02
-3.378754578868201719e+01,5.583182566617358233e+00,9.580437329002933211e+00,-2.047930508552701923e-02
-3.375378358218181774e+01,5.604615137355409615e+00,9.555593548589184749e+00,-1.932852630311512193e-02
-3.372000481730668042e+01,5.626021606190867885e+00,9.530685054444791859e+00,-1.817767496058928997e-02
-3.368621050510842707e+01,5.647403511345120641e+00,9.505711373054442248e+00,-1.702677066083436996e-02
-3.365240163330621925e+01,5.668762405920221958e+00,9.480672007224320907e+00,-1.587583138456996265e-02
-3.361857921611301947e+01,5.690099826355385915e+00,9.455566472806012257e+00,-1.472487320448349207e-02
-3.358474423782043061e+01,5.711417328038025154e+00,9.430394256785525897e+00,-1.357391059342024330e-02
-3.355089768198880762e+01,5.732716466803990940e+00,9.405154838702676656e+00,-1.242295671980816162e-02
-3.351704056868175030e+01,5.753998775528629039e+00,9.379847718384263899e+00,-1.127202306441887729e-02
-3.348317384989753975e+01,5.775265829857444189e+00,9.354472337702066653e+00,-1.012112020049900536e-02
-3.344929852991216279e+01,5.796519172516928720e+00,9.329028170325306846e+00,-8.970257177928417369e-03
-3.341541559494562108e+01,5.817760357520475267e+00,9.303514669042048268e+00,-7.819442174762714082e-03
-3.338152599971491696e+01,5.838990958527213060e+00,9.277931255289781021e+00,-6.668682717127638084e-03
-3.334763076897456102e+01,5.860212505217003987e+00,9.252277395656140158e+00,-5.517985061748329097e-03
-3.331373084334342849e+01,5.881426579851355640e+00,9.226552485276911852e+00,-4.367355153281181866e-03
-3.327982720444478559e+01,5.902634738877527987e+00,9.200755942185791625e+00,-3.202516977689536838e-03
-3.324592087049466471e+01,5.923838542668362628e+00,9.175018741841833858e+00,-1.131538903229894599e-03
-3.321201355330467209e+01,5.945040827020339869e+00,9.149482571406593934e+00,2.373070555612552188e-03
-3.317810826045995753e+01,5.966246321532538310e+00,9.123875145272100085e+00,6.004345978873252762e-03
-3.314420805697446326e+01,5.987459958806747196e+00,9.098195769672123845e+00,9.635587472146638771e-03
-3.311031603117468336e+01,6.008686656800408699e+00,9.072443759042499778e+00,1.326690146801688154e-02
-3.307643526951360258e+01,6.029931334777876017e+00,9.046618416800422224e+00,1.689838388221032162e-02
-3.304256887573663448e+01,6.051198901472700342e+00,9.020719049738502804e+00,2.053011737473699541e-02
-3.300871995753364274e+01,6.072494263589386598e+00,8.994744957721243495e+00,2.416216786448519699e-02
-3.297489162187358147e+01,6.093822328889000772e+00,8.968695429877428182e+00,2.779457967246967004e-02
-3.294108703252427972e+01,6.115187969954723357e+00,8.942569788859977109e+00,3.142737398805989929e-02
-3.290730930430579093e+01,6.136596090950476423e+00,8.916367309219308979e+00,3.506054242053704278e-02
-3.287356163348343330e+01,6.158051545141743688e+00,8.890087318173817366e+00,3.869404562040961587e-02
-3.283984721679713203e+01,6.179559185868455984e+00,8.863729133175965558e+00,4.232780864299981460e-02
-3.280616923223197290e+01,6.201123878861096728e+00,8.837292046588292038e+00,4.596171680702434981e-02
-3.277253096004018573e+01,6.222750424505755440e+00,8.810775420762762877e+00,4.959561357625028727e-02
-3.273893564185138416e+01,6.244443647562288646e+00,8.784178577783515962e+00,5.322929418297314003e-02
-3.270538658107253838e+01,6.266208332281890669e+00,8.757500878662597188e+00,5.686250542122475715e-02
-3.267188709449397521e+01,6.288049252894801988e+00,8.730741685546730579e+00,6.049493852576794811e-02
-3.263844055932786858e+01,6.309971142207304595e+00,8.703900399692853895e+00,6.412622832342568246e-02
-3.260505034627663434e+01,6.331978734418385990e+00,8.676976408439063704e+00,6.766951880057991975e-02
-3.257171978898100662e+01,6.354076619147912552e+00,8.650208651448332731e+00,6.965347111482175779e-02
-3.253845093831927215e+01,6.376267243453602518e+00,8.623551330832363249e+00,7.028742767895979071e-02
-3.250524456611955060e+01,6.398551311221337023e+00,8.596811709702357973e+00,7.087864335098839619e-02
-3.247210150654836269e+01,6.420929401390400137e+00,8.569988907071602213e+00,7.147190031372643859e-02
-3.243902253716798612e+01,6.443402133668961085e+00,8.543081981514198731e+00,7.206718577496280809e-02
-3.240600848109789922e+01,6.465970099750764533e+00,8.516090013362301647e+00,7.266448549159190695e-02
-3.237306012690608981e+01,6.488633917711894128e+00,8.489012039270543042e+00,7.326378306040916277e-02
-3.234017832999709441e+01,6.511394162440758748e+00,8.461847135063782943e+00,7.386506027864622737e-02
-3.230736391136026242e+01,6.534251435016760645e+00,8.434594332476885725e+00,7.446829703401235123e-02
-3.227461768505718709e+01,6.557206344213296845e+00,8.407252641010884986e+00,7.507347094853136782e-02
-3.224194056620549276e+01,6.580259430315602565e+00,8.379821138249090140e+00,7.568055816434536565e-02
-3.220933331791812293e+01,6.603411343162800762e+00,8.352298757567883314e+00,7.628953214671910232e-02
-3.217679687428530855e+01,6.626662614143526753e+00,8.324684559068332490e+00,7.690036452918638799e-02
-3.214433212835317022e+01,6.650013805317694704e+00,8.296977551692080510e+00,7.751302498961434861e-02
-3.211193984180965089e+01,6.673465576021766488e+00,8.269176614102457634e+00,7.812748046446243988e-02
-3.207962105464439873e+01,6.697018386546590207e+00,8.241280845621085760e+00,7.874369644103744459e-02
-3.204737656712950411e+01,6.720672872787595509e+00,8.213289121640180213e+00,7.936163529910704451e-02
-3.201520729550773581e+01,6.744429588566441147e+00,8.185200398657185517e+00,7.998125736239213024e-02
-3.198311425949519560e+01,6.768289012180459530e+00,8.157013705707033324e+00,8.060252135808457230e-02
-3.195109817729594681e+01,6.792251847980777413e+00,8.128727787734655763e+00,8.122698299875441563e-02
-3.191916015645012905e+01,6.816318514918606297e+00,8.100762109081738771e+00,8.186635919329442179e-02
-3.188730113687067558e+01,6.840489584336051365e+00,8.072813136250644561e+00,8.251652014753668718e-02
-3.185552192909110047e+01,6.864765747090266323e+00,8.044764845016899812e+00,8.317232922362517711e-02
-3.182382379552968388e+01,6.889147358366072282e+00,8.016616063581178508e+00,8.383378396629022344e-02
-3.179220746123253605e+01,6.913635194755618940e+00,7.988365116186017190e+00,8.450090932526725662e-02
-3.176067406352437317e+01,6.938229725761229538e+00,7.960010663832994382e+00,8.517372887860191755e-02
-3.172922484199991899e+01,6.962931347268628279e+00,7.931551433557877395e+00,8.585226678253379817e-02
-3.169786023813620446e+01,6.987741093659064262e+00,7.902985397906194365e+00,8.653654172093777630e-02
-3.166658192481365930e+01,7.012659038034943393e+00,7.874311616839602124e+00,8.722657370903179330e-02
-3.163539072564305954e+01,7.037685933037278296e+00,7.845528347335738673e+00,8.792237775481598350e-02
-3.160428752686595644e+01,7.062822495837133729e+00,7.816633866556642829e+00,8.862396749132496476e-02
-3.157327392788336695e+01,7.088068875319191164e+00,7.787627083014635687e+00,8.933135730272126485e-02
-3.154235039807880270e+01,7.113426148133723537e+00,7.758505816632883523e+00,9.004455454680636295e-02
-3.151151848415431544e+01,7.138894522899095207e+00,7.729268861375279798e+00,9.076356658028182645e-02
-3.148077949182431112e+01,7.164474408981961417e+00,7.699914756244947256e+00,9.148839956802989892e-02
-3.145013377212631767e+01,7.190167024586793687e+00,7.670441087532619662e+00,9.221905312567552082e-02
-3.141958339588357774e+01,7.215972159668422314e+00,7.640847054550117257e+00,9.295552903721705784e-02
-3.138912908750888420e+01,7.241890741085783567e+00,7.611130525859267415e+00,9.369782088677212906e-02
-3.135877191021721089e+01,7.267923425398089776e+00,7.581289652931432421e+00,9.444593229472328377e-02
-3.132851370707671634e+01,7.294070205850578859e+00,7.551437022207664995e+00,9.530959621254980751e-02
-3.129835489682349348e+01,7.320332546566990395e+00,7.523683204021510917e+00,9.655919896257871005e-02
-3.126829790948021781e+01,7.346710984377487819e+00,7.495818825319046752e+00,9.789851270341505540e-02
-3.123834475878222605e+01,7.373206596335668550e+00,7.467842480575836106e+00,9.924577007201923484e-02
-3.120849634381283266e+01,7.399821467135245356e+00,7.439751679101119564e+00,1.006009425854529488e-01
-3.117875573364796793e+01,7.426555765631567496e+00,7.411545930220889922e+00,1.019640002402127654e-01
-3.114912429998554089e+01,7.453411185426795704e+00,7.383223110764951969e+00,1.033348879708917145e-01
-3.111960383127867402e+01,7.480389068338702430e+00,7.354781445351898483e+00,1.047135424619569238e-01
-3.109019711994142909e+01,7.507489846204065564e+00,7.326220093094076624e+00,1.060998945588774167e-01
-3.106090512305956253e+01,7.534715652171940725e+00,7.297536394555645956e+00,1.074938467059473740e-01
-3.103173060297295649e+01,7.562066966616033170e+00,7.268729405843277647e+00,1.088952940333434982e-01
-3.100267594385200809e+01,7.589544618593004444e+00,7.239797788040682747e+00,1.103041209697120384e-01
-3.097374191787863751e+01,7.617150983638047990e+00,7.210738546276930450e+00,1.117201846280947569e-01
-3.094493206330773205e+01,7.644885819805009142e+00,7.181551412327152661e+00,1.131433388160131975e-01
-3.091624804446914609e+01,7.672750676346764109e+00,7.152234202401915653e+00,1.145734068645238996e-01
-3.088769155829287882e+01,7.700747098468222696e+00,7.122784706583761505e+00,1.160102011085848289e-01
-3.085926581061594476e+01,7.728875159525432359e+00,7.093202231274371883e+00,1.174535231694495974e-01
-3.083097213126879765e+01,7.757136788335929012e+00,7.063484098340715889e+00,1.189031423215217570e-01
-3.080281312381175240e+01,7.785532666549885406e+00,7.033628907393012497e+00,1.203588156540686405e-01
-3.077479165278031914e+01,7.814063204282583719e+00,7.003635508174520297e+00,1.218341439185677555e-01
-3.074690877783152132e+01,7.842730692875577780e+00,6.976408007403555267e+00,1.238049089902477362e-01
-3.071916851900535050e+01,7.871535525533966293e+00,6.953148699238210995e+00,1.263934058786499448e-01
-3.069157456146902518e+01,7.900479832468366936e+00,6.929802551527285637e+00,1.290307177088415580e-01
-3.066412958058734262e+01,7.929566926104970825e+00,6.906367683438071836e+00,1.316783623543503201e-01
-3.063683867382901482e+01,7.958797577297943349e+00,6.882844251134674352e+00,1.343357826518973563e-01
-3.060970519427376146e+01,7.988174413027091525e+00,6.859230902680691244e+00,1.370023274718805695e-01
-3.058273268186585625e+01,8.017699892570368192e+00,6.835526410244128215e+00,1.396772831841775475e-01
-3.055592601201730218e+01,8.047375019506633365e+00,6.811730701112717945e+00,1.423598696498891147e-01
-3.052928841470291843e+01,8.077202614463224961e+00,6.787842230598015725e+00,1.450492071943765282e-01
-3.050282421542764766e+01,8.107184297899534542e+00,6.763860402500617930e+00,1.477443472371913202e-01
-3.047653806923740660e+01,8.137321301414209174e+00,6.739784914900830870e+00,1.504442649357998762e-01
-3.045043318306709779e+01,8.167616518755115962e+00,6.715614122296861055e+00,1.531478336045010713e-01
-3.042451451754403635e+01,8.198070823654449057e+00,6.691347975730890241e+00,1.558538509503704927e-01
-3.039878653969072886e+01,8.228685631864744110e+00,6.666985974331560705e+00,1.585610286554790249e-01
-3.037325255576842764e+01,8.259463744778969385e+00,6.642526497576880296e+00,1.612679778511367512e-01
-3.034791795079279098e+01,8.290405458238678804e+00,6.617969898234265180e+00,1.639732328507368941e-01
-3.032278692295973954e+01,8.321512461893604495e+00,6.593315399993717740e+00,1.666752180026867536e-01
-3.029786342875102179e+01,8.352786740141768362e+00,6.568561973623829431e+00,1.693722775073721876e-01
-3.027315260424539289e+01,8.384228771205709307e+00,6.543709760477769422e+00,1.720626654333919925e-01
-3.024865869071294355e+01,8.415840114701056862e+00,6.518758022679962849e+00,1.747347757451658545e-01
-3.022438609763144868e+01,8.447622061906923108e+00,6.501441219840222274e+00,1.773550546628137325e-01
-3.020033970493453168e+01,8.479575126717941558e+00,6.484705042123287910e+00,1.799707199079024766e-01
-3.017652382175684522e+01,8.511700536823143537e+00,6.467922758679232942e+00,1.825985112940467781e-01
-3.015294309883145374e+01,8.543999079586557244e+00,6.451094035613103905e+00,1.852372207089259259e-01
-3.012960245187996122e+01,8.576471174726378877e+00,6.434218725208493694e+00,1.878855354160745006e-01
-3.010650629167642123e+01,8.609117941605335389e+00,6.417296310872289133e+00,1.905420321510063741e-01
-3.008365959003454648e+01,8.641939712628593284e+00,6.400326679335359259e+00,1.932051851817103150e-01
-3.006106729693568980e+01,8.674936825591082368e+00,6.383309707272904809e+00,1.958733596000436228e-01
-3.003873398671477091e+01,8.708110153875461279e+00,6.366244988905307878e+00,1.985448062211815912e-01
-3.001666484955953251e+01,8.741459641656758706e+00,6.349132590074773930e+00,2.012176676716111445e-01
-2.999486485504831634e+01,8.774985518669266682e+00,6.331972421235096959e+00,2.038899685721530519e-01
-2.997333881462155958e+01,8.808688227097736245e+00,6.314764276534541310e+00,2.065596206889652731e-01
-2.995209197759197295e+01,8.842567481841582477e+00,6.297508313165316451e+00,2.092244239483462553e-01
-2.993112934050913410e+01,8.876623333751158640e+00,6.280204507252122426e+00,2.118820539787358570e-01
-2.991045603066562464e+01,8.910855560596274927e+00,6.262852964263259992e+00,2.145300811878330938e-01
-2.989007715325921311e+01,8.945263900212822250e+00,6.245453799599403055e+00,2.171659604191572834e-01
-2.986999782911139789e+01,8.979847980410953667e+00,6.228007173694535048e+00,2.197870295922469130e-01
-2.985022335996804443e+01,9.014607013574625682e+00,6.210513444917386217e+00,2.223905266496480904e-01
-2.983075868650960416e+01,9.049540735167239447e+00,6.192972696498122431e+00,2.249612599882399311e-01
-2.981160908456033098e+01,9.084648128419873458e+00,6.180672017981294175e+00,2.272452301011783915e-01
-2.979277940251498791e+01,9.119927926059411050e+00,6.173422618025893982e+00,2.292737688590147094e-01
-2.977427381104606852e+01,9.155379208502099075e+00,6.166166101648775211e+00,2.313076991590514997e-01
-2.975609706199881899e+01,9.190999904186174518e+00,6.158902570762629480e+00,2.333563909121630364e-01
-2.973825353526223836e+01,9.226788627869094483e+00,6.147443576590915448e+00,2.354180587888925758e-01
-2.972074755442850957e+01,9.262744107753441369e+00,6.132135965320834714e+00,2.374908220011349158e-01
-2.970358405449549366e+01,9.298863776768911293e+00,6.117102536344765973e+00,2.395727140913050390e-01
-2.968676732666866513e+01,9.335146349608603344e+00,6.102352002232072081e+00,2.416616725805414423e-01
-2.967030182404842620e+01,9.371590183910937455e+00,6.087893052238655400e+00,2.437555323084907022e-01
-2.965419268725463553e+01,9.408192021625437107e+00,6.073734818295945637e+00,2.458520431569952425e-01
-2.963844401474648649e+01,9.444950858374097535e+00,6.059885295153117468e+00,2.479488520541455188e-01
-2.962306045625992468e+01,9.481864385774001036e+00,6.046352716161992547e+00,2.500435113591291669e-01
-2.960804710154868147e+01,9.518929078919946107e+00,6.033145445885815583e+00,2.521334826415116970e-01
-2.959340799311802783e+01,9.556143850331469736e+00,6.020270596000983687e+00,2.542161248646032101e-01
-2.957914794761181554e+01,9.593505582330791981e+00,6.007735605283839320e+00,2.562887138198992054e-01
-2.956527180791873377e+01,9.631010854415304578e+00,5.995547547352490625e+00,2.583484364473800921e-01
-2.955178360135371562e+01,9.668658280908072555e+00,5.983712304081896249e+00,2.603923806093239035e-01
-2.953868830976403359e+01,9.706443664555003181e+00,5.972236100348911947e+00,2.624175683282649607e-01
-2.952599034947474976e+01,9.744364115526256143e+00,5.961124090227518657e+00,2.644209168023343159e-01
-2.951369372434003679e+01,9.782417809200362413e+00,5.958299762959371471e+00,2.661142959013922948e-01
-2.950180315575442691e+01,9.820598931641859153e+00,5.947712070765337700e+00,2.668098493848007902e-01
-2.949032049388063115e+01,9.858905238455426101e+00,5.941728162175822447e+00,2.673178307002332388e-01
-2.947924769524335176e+01,9.897333119091820564e+00,5.935425339585199467e+00,2.678574288389440894e-01
-2.946858767371450227e+01,9.935875525715161416e+00,5.928819222084549700e+00,2.684275492042261235e-01
-2.945834168293000843e+01,9.974531300907996112e+00,5.928819222084549700e+00,2.690270550350660206e-01
-2.944851211798207657e+01,1.001329523684482226e+01,5.921925693694563897e+00,2.696547819693901893e-01
-2.943910137957433193e+01,1.005216189226995738e+01,5.913169377082024170e+00,2.703095250009004968e-01
-2.943011104897143326e+01,1.009112919774421613e+01,5.902552814762433542e+00,2.709900349572911815e-01
-2.942154369990488405e+01,1.013019086992664874e+01,5.891807765547969922e+00,2.716950340843423684e-01
-2.941340127761018763e+01,1.016934323558692377e+01,5.883727583112919213e+00,2.724231997460939136e-01
-2.940568562555467125e+01,1.020858324577289800e+01,5.877852887322078779e+00,2.731731603722276636e-01
-2.939839944341540701e+01,1.024790333479002236e+01,5.867029486052576459e+00,2.739435161856730305e-01
-2.939154426954025467e+01,1.028730188262194645e+01,5.858447765179090716e+00,2.747328126660655290e-01
-2.938512228893580414e+01,1.032677383776530888e+01,5.849735359011491553e+00,2.755395600392087085e-01
-2.937913583881798019e+01,1.036631277353162339e+01,5.840910959255567469e+00,2.763622246286464024e-01
-2.937358652715900575e+01,1.040591685979385161e+01,5.831993239590132383e+00,2.771992165200156122e-01
-2.936847668223808583e+01,1.044557919511470168e+01,5.823001106313574482e+00,2.780489194459719871e-01
-2.936380817335196980e+01,1.048529577973904381e+01,5.814053382179652729e+00,2.789096654294926370e-01
-2.935958277175689801e+01,1.052506354689269408e+01,5.809096786476865226e+00,2.797701245741165410e-01
-2.935580278546283139e+01,1.056487366179215570e+01,5.809055220578161816e+00,2.802484871926358423e-01
-2.935246905671125717e+01,1.060472518842069256e+01,5.809055220578161816e+00,2.802525039046701583e-01
-2.934958216358376859e+01,1.064461161527857591e+01,5.807300251623919607e+00,2.802981300399274289e-01
-2.934714259669985736e+01,1.068452696749441522e+01,5.805217997074644032e+00,2.804221736095935946e-01
-2.934515072813647762e+01,1.072446852827822816e+01,5.805217997074644032e+00,2.806236846324073331e-01
-2.934360726429521549e+01,1.076442862140619994e+01,5.798705772712371420e+00,2.809017150796736528e-01
-2.934251275967874406e+01,1.080440408004845132e+01,5.794303422271864790e+00,2.812553083915427243e-01
-2.934186793673410421e+01,1.084438983011458824e+01,5.789156839448414971e+00,2.816835005081868570e-01
-2.934167357779707430e+01,1.088437919545603272e+01,5.783282167058514389e+00,2.821853180444520715e-01
-2.934193049787438667e+01,1.092436920456263394e+01,5.776696325301883483e+00,2.827597648877639980e-01
-2.934263957939631595e+01,1.096435315823944912e+01,5.769417168233597515e+00,2.834058356412484381e-01
-2.934380176816800301e+01,1.100432660053476930e+01,5.761463402516367793e+00,2.841224942996391500e-01
-2.934541808453764489e+01,1.104428481190688061e+01,5.752854494814677366e+00,2.849086758551547249e-01
-2.934748950928082678e+01,1.108422108951586793e+01,5.743610812887321337e+00,2.857632889213709837e-01
-2.935001721486280957e+01,1.112413174294027662e+01,5.733753387979248828e+00,2.866851949661324839e-01
-2.935300229213288148e+01,1.116401055796473329e+01,5.723283627333258572e+00,2.876732249090063753e-01
-2.935644593088593624e+01,1.120385233161872485e+01,5.712027471739466122e+00,2.887261540417439543e-01
-2.936034939786594578e+01,1.124365209637592677e+01,5.700721103272006651e+00,2.898427022428889388e-01
-2.936471384468131518e+01,1.128340333711790677e+01,5.700642707387880925e+00,2.910215381060503592e-01
-2.936954065977471373e+01,1.132310146439045795e+01,5.689737664842406950e+00,2.921478032434388639e-01
-2.937483092313271626e+01,1.136274039803257807e+01,5.689737664842406950e+00,2.908247390024479295e-01
-2.938058180902186578e+01,1.140231498956199019e+01,5.690387591023446490e+00,2.870877706367614413e-01
-2.938678671216425542e+01,1.144182131272863323e+01,5.692773972849139774e+00,2.832755467273466166e-01
-2.939343866813083750e+01,1.148125432937933432e+01,5.696763757439064157e+00,2.794945039770549422e-01
-2.940053100425301125e+01,1.152061085089613712e+01,5.702201835141463171e+00,2.757489932587458559e-01
-2.940805689927019273e+01,1.155988676802406800e+01,5.708955714022994954e+00,2.720430008273692080e-01
-2.941600959598771681e+01,1.159907832300999253e+01,5.716910650184741094e+00,2.683801933891936664e-01
-2.942438253030619322e+01,1.163818260713410702e+01,5.725966199269747925e+00,2.647639353332550960e-01
-2.943316894280237861e+01,1.167719567500113698e+01,5.734612765609771401e+00,2.611972684781726506e-01
-2.944236242959582839e+01,1.171611506297868033e+01,5.728090183329832996e+00,2.576829739626223525e-01
-2.945195648021017121e+01,1.175493764077547709e+01,5.721560736791158952e+00,2.542235455041668701e-01
-2.946194470704060464e+01,1.179366062439719975e+01,5.715024232752837996e+00,2.508212407974423352e-01
-2.947232085047469496e+01,1.183228152990478499e+01,5.708480424651195761e+00,2.474780772805520723e-01
-2.948307870578856082e+01,1.187079786406654591e+01,5.701929064116279200e+00,2.441958529243203058e-01
-2.949421217596894351e+01,1.190920730891132706e+01,5.695369869147429043e+00,2.409761687621909954e-01
-2.950571524002426216e+01,1.194750759160977971e+01,5.688802545564484170e+00,2.378204278128810689e-01
-2.951758212006161131e+01,1.198569700955461492e+01,5.682226695900839175e+00,2.347298809311546552e-01
-2.952980681200750723e+01,1.202377290519248554e+01,5.675642081224678392e+00,2.317055929251952695e-01
-2.954238397088417756e+01,1.206173444672836226e+01,5.669048140250816381e+00,2.287485179366733068e-01
-2.955530777608520410e+01,1.209957908852622843e+01,5.662444600771591396e+00,2.260070364496102879e-01
-2.956857297103127991e+01,1.213730503094070379e+01,5.642866665014855343e+00,2.259851081350592039e-01
-2.958217878786451394e+01,1.217491018360032662e+01,5.612765009612234124e+00,2.282878298403226425e-01
-2.959612705281464073e+01,1.221238877696250036e+01,5.582488540145508438e+00,2.306648718722383584e-01
-2.961042068191344612e+01,1.224973775361816131e+01,5.552037873814716029e+00,2.330370065707002836e-01
-2.962506164663370001e+01,1.228695163617921970e+01,5.521406436875613721e+00,2.354017571454068147e-01
-2.964005219047528072e+01,1.232402581824739585e+01,5.490596649748461289e+00,2.377565272140289565e-01
-2.965539474389358432e+01,1.236095625545036114e+01,5.459606083725786263e+00,2.400986192284156606e-01
-2.967109101098224855e+01,1.239773728460981417e+01,5.428433621734565229e+00,2.424252479755728829e-01
-2.968714320840691201e+01,1.243436462790151964e+01,5.397076941679726403e+00,2.447335112137983548e-01
-2.970355306766817094e+01,1.247083303501357854e+01,5.365534506168650353e+00,2.470204342165290556e-01
-2.972032237876785743e+01,1.250713757417345029e+01,5.333804471337173503e+00,2.492829401908385756e-01
-2.973745273647229936e+01,1.254327307183379858e+01,5.301885170281355641e+00,2.515178795816899182e-01
-2.975494572981548913e+01,1.257923453545390302e+01,5.269774745392941995e+00,2.537220219820162659e-01
-2.977280267432102079e+01,1.261501660977098638e+01,5.237471633797885495e+00,2.558920679472728721e-01
-2.979102477133115201e+01,1.265061393779506638e+01,5.204974255085438095e+00,2.580246688356634954e-01
-2.980961352447172175e+01,1.268602195462677962e+01,5.172280275876844691e+00,2.601163945413966228e-01
-2.982856904674526888e+01,1.272123369439830576e+01,5.139389568635852612e+00,2.621638075777114607e-01
-2.984789305253131886e+01,1.275624544651801529e+01,5.106298967994916893e+00,2.641634090754974573e-01
-2.986758580737872038e+01,1.279105105164987854e+01,5.073007579490268704e+00,2.661117014764148858e-01
-2.988764754355036501e+01,1.282564461442236770e+01,5.039514279340996161e+00,2.680244471586126775e-01
-2.990807972357130851e+01,1.286002252745786656e+01,5.004222807297782794e+00,2.701803478586668472e-01
-2.992888139244775303e+01,1.289417643174915717e+01,4.967809893792366260e+00,2.726917309825632185e-01
-2.995005472831901372e+01,1.292810220100241381e+01,4.931137658288061942e+00,2.754569166724101237e-01
-2.997160034269050044e+01,1.296179244466641656e+01,4.894193810865134608e+00,2.784753804170937985e-01
-2.999351998958757903e+01,1.299524094398460505e+01,4.856964155054156684e+00,2.817497935793860653e-01
-3.001581458320008977e+01,1.302843955948151056e+01,4.819435943162877045e+00,2.852834685390162051e-01
-3.003848729342424662e+01,1.306138285994984471e+01,4.781592613297264371e+00,2.890801477059574687e-01
-3.006153879952350749e+01,1.309406110683350200e+01,4.743421713996874622e+00,2.931441012393883327e-01
-3.008497151757781296e+01,1.312646649284812561e+01,4.704907765418377075e+00,2.974800440420192760e-01
-3.010878913968219450e+01,1.315859225118700238e+01,4.666033060681939126e+00,3.020929951632591037e-01
-3.013299131490815341e+01,1.319042555896457714e+01,4.626786271391322813e+00,3.069885620293812956e-01
-3.015758448871787678e+01,1.322196194892711496e+01,4.587144768820810903e+00,3.121723817564361902e-01
-3.018256853874251888e+01,1.325318772840840786e+01,4.547096244795250541e+00,3.176504966515114048e-01
-3.020794585803949062e+01,1.328409197485916238e+01,4.506623915371491762e+00,3.234291798261157425e-01
-3.023372378216730638e+01,1.331466898277549227e+01,4.465702724222576414e+00,3.295145936717570057e-01
-3.025989955832295308e+01,1.334490037901545456e+01,4.424323150824715611e+00,3.359132778593326707e-01
-3.028648035288239981e+01,1.337477888065041398e+01,4.382459374715551803e+00,3.426313115373315621e-01
-3.031346887764490461e+01,1.340429127604825332e+01,4.340092013795930903e+00,3.496746922796851176e-01
-3.034086397395014600e+01,1.343341972638610571e+01,4.297207014946522463e+00,3.570494194312708869e-01
-3.036867657360108552e+01,1.346215860153577459e+01,4.253770610078456471e+00,3.639620579222550001e-01
-3.039690322625304120e+01,1.349048830197793869e+01,4.215426481175686746e+00,3.657857477664182011e-01
-3.042553666957918779e+01,1.351839766203753967e+01,4.177872360013329178e+00,3.660006704620100693e-01
-3.045458427729118966e+01,1.354589321536564839e+01,4.139826146680199770e+00,3.670370402177293712e-01
-3.048402778086930454e+01,1.357295521155826457e+01,4.101269919574414224e+00,3.689387483868261652e-01
-3.051386168121952380e+01,1.359957487849952962e+01,4.062167513651725237e+00,3.717501523815232578e-01
-3.054409990856043677e+01,1.362575837636908993e+01,4.022455429900877455e+00,3.755255124928379984e-01
-3.057472218676158349e+01,1.365147991974997055e+01,3.982112834878583030e+00,3.803305692477046418e-01
-3.060572492253852417e+01,1.367672695286030660e+01,3.941094504676036614e+00,3.862445706684581315e-01
-3.063712563280338586e+01,1.370150137524926137e+01,3.899324084146416958e+00,3.933625766841987170e-01
-3.066891060476182318e+01,1.372577748493013772e+01,3.856762941108580200e+00,4.017978006527994639e-01
-3.070107495478047355e+01,1.374953488372407406e+01,3.813356745754926003e+00,4.116832300126265221e-01
-3.073361974149060671e+01,1.377275518567700630e+01,3.769038391664121690e+00,4.231814458158469905e-01
-3.076657155739857075e+01,1.379543431368377959e+01,3.723699742833832094e+00,4.364845777250609959e-01
-3.079990923974441941e+01,1.381753135514973430e+01,3.677291164223612352e+00,4.518225119709896598e-01
-3.083363613743222587e+01,1.383901946545539552e+01,3.629721850944110262e+00,4.694668006167482810e-01
-3.086775669318421222e+01,1.385986834530492118e+01,3.580890100695520051e+00,4.897480797955518494e-01
-3.090227637909077174e+01,1.388004359063080706e+01,3.530681629769681251e+00,5.130666310517635331e-01
-3.093720254074510123e+01,1.389950642917128398e+01,3.478966145627334861e+00,5.397842017554128624e-01
-3.097255203604709450e+01,1.391821689494320147e+01,3.437316930361367540e+00,5.668349801679841704e-01
-3.100831347457073761e+01,1.393611967039157484e+01,3.407572316322705852e+00,5.923137747270849074e-01
-3.104448661000335363e+01,1.395316930346342943e+01,3.377052354114742361e+00,6.186558478656245530e-01
-3.108106838552960838e+01,1.396931798528403945e+01,3.345728540659318906e+00,6.459441355787790551e-01
-3.111805275686963412e+01,1.398451555753712228e+01,3.313572889723783721e+00,6.740824170631219969e-01
-3.115543942740461603e+01,1.399871309008153020e+01,3.280550159095011686e+00,7.029373544650068251e-01
-3.119321447285583560e+01,1.401185546874484267e+01,3.246634751335460756e+00,7.323321645128161306e-01
-3.123135588829717690e+01,1.402388518796177941e+01,3.211806390475563155e+00,7.620407390909017531e-01
-3.126984202351552256e+01,1.403474592798406384e+01,3.176042673641483294e+00,7.917869255958258634e-01
-3.130864690682463802e+01,1.404438144905309116e+01,3.139323342914247306e+00,8.212459163259677730e-01
-3.134774689429665884e+01,1.405273768210893870e+01,3.101624022009184412e+00,8.500458978945122368e-01
-3.138712203166184977e+01,1.405976259193879407e+01,3.062914468182174055e+00,8.777629182063827473e-01
-3.142670972141124608e+01,1.406539979473440560e+01,3.023198728426772952e+00,9.039344268144982042e-01
-3.146646926724575266e+01,1.406960209991929034e+01,2.982302255579939221e+00,9.280737092448705372e-01
-3.150637155196839956e+01,1.407232718125249349e+01,2.940725580939505424e+00,9.515492258313985596e-01
-3.154633774244511457e+01,1.407353186477707396e+01,2.921500733306596320e+00,9.882723743596338872e-01
-3.158632505216595376e+01,1.407315649735920360e+01,2.909375206935668867e+00,1.031610503097465159e+00
-3.162626140406494102e+01,1.407113230151112582e+01,2.884969859720803331e+00,1.073427961685579524e+00
-3.166607209004377665e+01,1.406739637634149176e+01,2.856334351385263037e+00,1.112640681039335444e+00
-3.170567963586903915e+01,1.406189303268873125e+01,2.829714669503146762e+00,1.148134059998511258e+00
-3.174499019259797450e+01,1.405457807587417918e+01,2.804447497342599238e+00,1.178766254777069422e+00
-3.178391369752077722e+01,1.404541858183965886e+01,2.783991255714238999e+00,1.203440348097954971e+00
-3.182235136761115513e+01,1.403439721333693591e+01,2.783991255714238999e+00,1.221193200033972914e+00
-3.186020322518671577e+01,1.402151330273876617e+01,2.770352750284163168e+00,1.231280290395457389e+00
-3.189737956346712622e+01,1.400678014738011790e+01,2.770352750284163168e+00,1.233248429990969175e+00
-3.193377690548600256e+01,1.399023564353365678e+01,2.770352750284163168e+00,1.226983228804328308e+00
-3.196932929346290209e+01,1.397192049299656880e+01,2.771932207036816198e+00,1.212723267423330586e+00
-3.200393998085933589e+01,1.395191034324444956e+01,2.770415425883009597e+00,1.191087273920613088e+00
-3.203756683862241772e+01,1.393026983219301584e+01,2.775714913386012839e+00,1.165256199376291102e+00
-3.207015309316165741e+01,1.390708334089887721e+01,2.787456658621410011e+00,1.140849318545799740e+00
-3.210163690147471272e+01,1.388244349954742418e+01,2.798992083221129690e+00,1.118753405865042350e+00
-3.213199428821273074e+01,1.385641432157846609e+01,2.810332974167270681e+00,1.098572848342566965e+00
-3.216118435068753456e+01,1.382907191396520297e+01,2.821483128704411758e+00,1.079936015429661333e+00
-3.218915844538592097e+01,1.380050304834569452e+01,2.832441244065852626e+00,1.062503956794363491e+00
-3.221589287132333368e+01,1.377077295988061323e+01,2.843213642829421239e+00,1.045967933784863302e+00
-3.224136335828963240e+01,1.373994791502385837e+01,2.853804773795368011e+00,1.030049031174464780e+00
-3.226554447248067703e+01,1.370809797030275412e+01,2.864216797374794066e+00,1.014502567040800773e+00
-3.228841466844929897e+01,1.367529216309160134e+01,2.874451572864257898e+00,9.991172700427238818e-01
-3.230995634286873752e+01,1.364159853163174674e+01,2.884510714804559672e+00,9.837141974752402485e-01
-3.233015588725834277e+01,1.360708406115909952e+01,2.894395654861787737e+00,9.681463109514930609e-01
-3.234900372492334242e+01,1.357181455998359887e+01,2.904107707358616786e+00,9.522976506750983061e-01
-3.236649431885256689e+01,1.353585447195803582e+01,2.913648136544291667e+00,9.360820646956387048e-01
-3.238262613927997080e+01,1.349926663422753315e+01,2.923018223663026660e+00,9.154245807501710797e-01
-3.239740783459637896e+01,1.346211361155114616e+01,2.958096030186761816e+00,8.770189941754065188e-01
-3.241087781776479915e+01,1.342446496226953023e+01,2.993888404393653779e+00,8.378787916191777763e-01
-3.242307942669928877e+01,1.338638502738932168e+01,3.028792493914210127e+00,8.038101696092565529e-01
-3.243405153610967062e+01,1.334793035752200652e+01,3.062874251967546702e+00,7.742627906676795568e-01
-3.244382863783186366e+01,1.330915124553135165e+01,3.096194171848614562e+00,7.487526535118890214e-01
-3.245244105272895752e+01,1.327009291847947736e+01,3.128807613730341330e+00,7.268595756853738488e-01
-3.245991370554306599e+01,1.323080498448424969e+01,3.160758378610970531e+00,7.082195392007152313e-01
-3.246626926242038991e+01,1.319133104812384794e+01,3.192088660726267069e+00,6.925152542864116967e-01
-3.247153022161755587e+01,1.315169036662964608e+01,3.222853640326714064e+00,6.794722499847096753e-01
-3.247571279440322911e+01,1.311191559175666654e+01,3.253092130319870101e+00,6.688542949118558845e-01
-3.247883016348688301e+01,1.307204037197658941e+01,3.282837722607717446e+00,6.604606048944469121e-01
-3.248089262162571345e+01,1.303211121096679825e+01,3.312110910182578749e+00,6.541159789427725135e-01
-3.248191027690258892e+01,1.299213487048922566e+01,3.340958004741239495e+00,6.496689101007255829e-01
-3.248188902096010366e+01,1.295213980845147717e+01,3.369406090624527561e+00,6.469878392392527378e-01
-3.248083316495511497e+01,1.291216456256437972e+01,3.397472740281961112e+00,6.459586063390887478e-01
-3.247874525984931182e+01,1.287223187909031985e+01,3.425184604542260480e+00,6.464804926042171385e-01
-3.247562534771142850e+01,1.283236111181635408e+01,3.452568608338822287e+00,6.484639003054731843e-01
-3.247147267870159482e+01,1.279258556781584133e+01,3.479640404950689714e+00,6.418540170430753200e-01
-3.246630131556287324e+01,1.275293561068819770e+01,3.509563402341042249e+00,5.879306135726053428e-01
-3.246019843497671076e+01,1.271341285507056718e+01,3.539345890175082054e+00,5.202000515978393302e-01
-3.245327444962715902e+01,1.267402420161601384e+01,3.568766777811682722e+00,4.536811374379283168e-01
-3.244563838075453077e+01,1.263477456964123036e+01,3.597824984229057055e+00,3.886689592898962542e-01
-3.243739169570124403e+01,1.259564116071121553e+01,3.626539789482019938e+00,3.253036278910066414e-01
-3.242863691352112454e+01,1.255661970450358211e+01,3.654916461202137867e+00,2.636017087942499337e-01
-3.241947219824498205e+01,1.251769657436619809e+01,3.682966880381161268e+00,2.034919070215960579e-01
-3.240998936990802548e+01,1.247884247752396902e+01,3.710713733252106294e+00,1.448410496492777977e-01
-3.240028304344090060e+01,1.244004956309750654e+01,3.738163875442486184e+00,8.746912420942480615e-02
-3.239044070011589582e+01,1.240128932281162832e+01,3.765338419983129903e+00,3.117615249880435410e-02
-3.238054900163356820e+01,1.236253732496686375e+01,3.792254974775437937e+00,-2.424815908142806398e-02
-3.237069660432656804e+01,1.232378251248801426e+01,3.818921416348736830e+00,-7.901286462196330240e-02
-3.236096562791003350e+01,1.228499244963687964e+01,3.845359906270437556e+00,-1.333092754155561499e-01
-3.235144185652133331e+01,1.224615215596856466e+01,3.871580113071726448e+00,-1.873097784527356646e-01
-3.234220946062328039e+01,1.220724234153444598e+01,3.897594266304063915e+00,-2.411485596053562497e-01
-3.233335233368586614e+01,1.216824356932850826e+01,3.923414279519104486e+00,-2.949160368419356248e-01
-3.232495628835163615e+01,1.212914550318208029e+01,3.949045717892789131e+00,-3.486490268360364908e-01
-3.231710594576224338e+01,1.208993306217435659e+01,3.974497040554191507e+00,-4.023163965730389702e-01
-3.230988751169523709e+01,1.205059956742075222e+01,3.999771045899266575e+00,-4.555950607434658961e-01
-3.230338705045546277e+01,1.201114219276688821e+01,4.024868085813114504e+00,-4.881009702661123772e-01
-3.229765765279297085e+01,1.197156324595267129e+01,4.049790766169606648e+00,-4.835619662803413155e-01
-3.229269495989574068e+01,1.193188331309116990e+01,4.074540001593385696e+00,-4.754178656954052840e-01
-3.228848736220426474e+01,1.189211471792241426e+01,4.099122740778899043e+00,-4.676012093280611515e-01
-3.228502413282778605e+01,1.185227448843026643e+01,4.123542783591348737e+00,-4.601269216985202637e-01
-3.228229457930839175e+01,1.181237783412010955e+01,4.147804870854544745e+00,-4.530078509219627181e-01
-3.228028815600063695e+01,1.177243717006189705e+01,4.171915242596149653e+00,-4.462549781360691248e-01
-3.227899484044942824e+01,1.173246824384964171e+01,4.195877937038556382e+00,-4.398775733381052322e-01
-3.227840477239829653e+01,1.169248204112088985e+01,4.219699682570836607e+00,-4.338837742122730878e-01
-3.227850857570263798e+01,1.165249180568571674e+01,4.243385684357549259e+00,-4.282805889491260731e-01
-3.227929726276298794e+01,1.161250895314194587e+01,4.266942085621200142e+00,-4.230744542312216416e-01
-3.228076224475069012e+01,1.157254601810199368e+01,4.290374237026938431e+00,-4.182711967861452718e-01
-3.228289553908360432e+01,1.153261159553642834e+01,4.313689680440774055e+00,-4.138765551088248174e-01
-3.228568939523056258e+01,1.149271919438148259e+01,4.336892986772739711e+00,-4.098961631962408925e-01
-3.228913680283235266e+01,1.145287751791182984e+01,4.359991456124352460e+00,-4.063359564384526612e-01
-3.229323122286609760e+01,1.141309641901343852e+01,4.382991659766995340e+00,-4.032023023255320027e-01
-3.229796614706121005e+01,1.137338961465292719e+01,4.405897912383019310e+00,-4.005020469380235482e-01
-3.230333709256750296e+01,1.133375863994486821e+01,4.428721549837405291e+00,-3.982430793012345926e-01
-3.230933794828953864e+01,1.129422193822315457e+01,4.451464186735234918e+00,-3.964341400095170997e-01
-3.231596498023717601e+01,1.125478438991368613e+01,4.474135303036726796e+00,-3.950828474932163159e-01
-3.232321455006705690e+01,1.121545496364240435e+01,4.496183130347884749e+00,-3.938655067305438240e-01
-3.233108156790523680e+01,1.117625001274504548e+01,4.516578078819804887e+00,-3.921481611552758428e-01
-3.233956381834580185e+01,1.113716675326508465e+01,4.536928084965630603e+00,-3.901472918528627321e-01
-3.234865400541147551e+01,1.109822405904346887e+01,4.557224984150411551e+00,-3.879179878589415487e-01
-3.235834696603762239e+01,1.105942791042869899e+01,4.577467297611121033e+00,-3.854700887412577659e-01
-3.236863762796252075e+01,1.102078268327306887e+01,4.597654365080996897e+00,-3.828140414776852740e-01
-3.237951785791042170e+01,1.098230243212339197e+01,4.617780443458409323e+00,-3.799608036880104400e-01
-3.239098194068839121e+01,1.094399047446574968e+01,4.637845370644685161e+00,-3.769219211512053191e-01
-3.240302227365722842e+01,1.090585540898102224e+01,4.657846194189067646e+00,-3.737092114692210365e-01
-3.241563060389572826e+01,1.086790620079133873e+01,4.677771251616037240e+00,-3.703347684541832829e-01
-3.242880024123645200e+01,1.083014589604486133e+01,4.697645881701210335e+00,-3.668109090727814658e-01
-3.244252205316613669e+01,1.079258365107996553e+01,4.717441290974906387e+00,-3.631499683940033751e-01
-3.245678765737230975e+01,1.075522525286452513e+01,4.737164345617054018e+00,-3.593643299748847109e-01
-3.247158913962582005e+01,1.071807449713710980e+01,4.756814449257466215e+00,-3.554662680385399787e-01
-3.248691693424990490e+01,1.068113858488738543e+01,4.776389170141382756e+00,-3.514678762964926206e-01
-3.250276238172925503e+01,1.064442166566040271e+01,4.795887653797080041e+00,-3.473810885820650673e-01
-3.251911639443454760e+01,1.060792831431640515e+01,4.815308785806917236e+00,-3.432174899747192920e-01
-3.253596973566711625e+01,1.057166286618305051e+01,4.834651543098594573e+00,-3.389883547681493692e-01
-3.255331316239463035e+01,1.053562916571261354e+01,4.853915128567829029e+00,-3.347045875622585709e-01
-3.257113722081378882e+01,1.049983105042280762e+01,4.873098713293658513e+00,-3.304572574714882416e-01
-3.258943305564808668e+01,1.046427108194010280e+01,4.894049770018501277e+00,-3.270889434725914313e-01
-3.260819220460295043e+01,1.042895393671032878e+01,4.915786415929982667e+00,-3.242926297128033708e-01
-3.262740780937478036e+01,1.039388297478936352e+01,4.937419557623000443e+00,-3.215181609636115212e-01
-3.264707315568957569e+01,1.035906125329329619e+01,4.958945247295121206e+00,-3.187613301102243391e-01
-3.266718012956729211e+01,1.032449415656888547e+01,4.980369183698832636e+00,-3.160264869703945934e-01
-3.268772269335381964e+01,1.029018334297916404e+01,5.001698911249000012e+00,-3.133177515126508439e-01
-3.270869382298524641e+01,1.025613215649985044e+01,5.022930842821327957e+00,-3.106389897505396069e-01
-3.273008566019914412e+01,1.022234516245821645e+01,5.044056646080441908e+00,-3.079938225036671917e-01
-3.275189256409025518e+01,1.018882335455236543e+01,5.065084127741180886e+00,-3.053856611963715606e-01
-3.277410712197450238e+01,1.015557050720691912e+01,5.086013639965032418e+00,-3.028176625762784013e-01
-3.279672239849541882e+01,1.012258958437295853e+01,5.106846004550440909e+00,-3.002927812510960970e-01
-3.281973273200251384e+01,1.008988171956987756e+01,5.127583169669886587e+00,-2.978137843590661360e-01
-3.284313036784390505e+01,1.005745104817071578e+01,5.148225151115520148e+00,-2.953832069074466271e-01
-3.286690960280989060e+01,1.002529880866307010e+01,5.168773772169624969e+00,-2.930034156053921701e-01
-3.289106458709139247e+01,9.993426550009125719e+00,5.189230639295417724e+00,-2.906766139596651533e-01
-3.291558730797049748e+01,9.961838662821033807e+00,5.209595503920039228e+00,-2.884048069768188061e-01
-3.294047339282426634e+01,9.930534834856295845e+00,5.229871118685354148e+00,-2.861898769968144740e-01
-3.296571619086942206e+01,9.899517774350055532e+00,5.250058271310957814e+00,-2.840335225468698654e-01
-3.299130913873606374e+01,9.868790064164553399e+00,5.270157801222795868e+00,-2.819372649716451185e-01
-3.301724755859259375e+01,9.838352087633904119e+00,5.290180158791045528e+00,-2.797501526466694144e-01
-3.304352437842018020e+01,9.808206758058446439e+00,5.310211119536695890e+00,-2.771396275254676689e-01
-3.307013373639014731e+01,9.778354430205379089e+00,5.330157848806884147e+00,-2.744843514466501211e-01
-3.309706980540530452e+01,9.748795285521010712e+00,5.350021886788950631e+00,-2.718797624074376085e-01
-3.312432462384035858e+01,9.719531862996179328e+00,5.369803169179618862e+00,-2.693278546443875765e-01
-3.315189367670723897e+01,9.690563008397523603e+00,5.389504107332253824e+00,-2.668304975025919679e-01
-3.317977030220529855e+01,9.661889951318618941e+00,5.409125494396091582e+00,-2.643893690915152250e-01
-3.320794813070415330e+01,9.633513631287081935e+00,5.428668303271004802e+00,-2.620060308391878312e-01
-3.323642228476069960e+01,9.605433555912116006e+00,5.448134487683891081e+00,-2.596819237890317100e-01
-3.326518602972785743e+01,9.577651149419260435e+00,5.467524671836169858e+00,-2.574183399375294945e-01
-3.329423440898755615e+01,9.550166157196185779e+00,5.486840641780828420e+00,-2.552164843279838835e-01
-3.332356208344261717e+01,9.522978796689569592e+00,5.506083860153117016e+00,-2.530774548041336280e-01
-3.335316288603491586e+01,9.496090114173865615e+00,5.525255201100267577e+00,-2.510022538074098142e-01
-3.338303246310541539e+01,9.469499576734374813e+00,5.544356666103686493e+00,-2.489918165457334909e-01
-3.341316522414908974e+01,9.443207863947240099e+00,5.563389400259630690e+00,-2.470469858630243987e-01
-3.344355622650532212e+01,9.417215157256487501e+00,5.582354913697712639e+00,-2.451685587940883593e-01
-3.347420071556803123e+01,9.391521572220405289e+00,5.601254778786513455e+00,-2.433572711825123802e-01
-3.350509371343963494e+01,9.366127503062365633e+00,5.620090378094088734e+00,-2.416138113798247944e-01
-3.353623068005656904e+01,9.341033071647332875e+00,5.638863312250416371e+00,-2.399388345806968970e-01
-3.356760690656331292e+01,9.316238631809854454e+00,5.657575029194159555e+00,-2.382475947952449880e-01
-3.359921809141851412e+01,9.291744137010287119e+00,5.661556725174444082e+00,-2.310051599040647829e-01
-3.363105393187164793e+01,9.267542915795358383e+00,5.634398692778662898e+00,-2.147644973488608555e-01
-3.366309658513907976e+01,9.243615904856760324e+00,5.607107637099380426e+00,-1.976749180351736190e-01
-3.369532735647844390e+01,9.219942958026020818e+00,5.579683205972262527e+00,-1.805619551420732105e-01
-3.372772835106086120e+01,9.196503264773664199e+00,5.552124313369763087e+00,-1.634408413234443580e-01
-3.376028170374073056e+01,9.173275955169938101e+00,5.524429800874436580e+00,-1.463226722623476028e-01
-3.379297055636500602e+01,9.150239427831666106e+00,5.496597608413309466e+00,-1.292149167406542454e-01
-3.382577800834484805e+01,9.127372124488372762e+00,5.468625665801115865e+00,-1.121217065555525916e-01
-3.385868764213105209e+01,9.104652167136340069e+00,5.440511441854145147e+00,-9.504431343524621933e-02
-3.389168344889780826e+01,9.082057421235120387e+00,5.412252000605062285e+00,-7.798148692084640177e-02
-3.392474955338126108e+01,9.059565686022464703e+00,5.383844228032279133e+00,-6.092984905954338531e-02
-3.395787038956531489e+01,9.037154569404247439e+00,5.355284671737140734e+00,-4.388432481000135998e-02
-3.399103037879876865e+01,9.014801698178473544e+00,5.326569807195340900e+00,-2.683839968333410694e-02
-3.402421462432265287e+01,8.992484238638370542e+00,5.297695423273783177e+00,-9.784677615902325973e-03
-3.405740730519971748e+01,8.970179963753155405e+00,5.268658005268883393e+00,7.284958393327098554e-03
-3.409059365171477651e+01,8.947865908910635824e+00,5.239453003152632071e+00,2.437879146749076867e-02
-3.412375833194471397e+01,8.925519440402300830e+00,5.210076225162717733e+00,4.150495168415404418e-02
-3.415688523434040746e+01,8.903118389828023282e+00,5.180524035769823676e+00,5.867127086144176273e-02
-3.418996046453076332e+01,8.880639010371565334e+00,5.150790665728843365e+00,7.588443767916303040e-02
-3.422296672854963617e+01,8.858059769686468243e+00,5.120873230042048974e+00,9.240512275522141938e-02
-3.425588913171802119e+01,8.835358851724141260e+00,5.084508093150979846e+00,9.478510686799827833e-02
-3.428872569044370522e+01,8.812532998967229858e+00,5.042530422093742359e+00,8.442629085382888365e-02
-3.432148447937368729e+01,8.789596774330000528e+00,5.000188526440295433e+00,7.356805210679143170e-02
-3.435417600044065978e+01,8.766564024058750348e+00,4.957475881089202119e+00,6.267066785086146397e-02
-3.438680956654931720e+01,8.743449503702395376e+00,4.914387276589515352e+00,5.174440737136677682e-02
-3.441939530723488616e+01,8.720267451596271258e+00,4.870916183136378308e+00,4.079914532185535680e-02
-3.445194302920832286e+01,8.697032372942059553e+00,4.827056207039909452e+00,2.984422720147310651e-02
-3.448446313360739879e+01,8.673758368225110260e+00,4.782799824898874341e+00,1.888866014676630900e-02
-3.451696573682129809e+01,8.650459742085702786e+00,4.738139522601024112e+00,7.941193517601906685e-03
-3.454946054969860825e+01,8.627151074796678643e+00,4.693032543372834375e+00,-2.989714007005262776e-03
-3.458195882071544247e+01,8.603845811150483414e+00,4.647512409234764164e+00,-1.389557581653512626e-02
-3.461446932971840340e+01,8.580559116867625846e+00,4.601579921086881519e+00,-2.476809884059122738e-02
-3.464700308163104125e+01,8.557304496459046561e+00,4.555221282209640066e+00,-3.559890395440144101e-02
-3.467957077496095764e+01,8.534095596717328647e+00,4.508422343961093759e+00,-4.637936583005818070e-02
-3.471217979629721384e+01,8.510948320849822224e+00,4.461172907240681162e+00,-5.710089281094433977e-02
-3.474484290974093170e+01,8.487874633860096552e+00,4.413454084560584967e+00,-6.775436371572454708e-02
-3.477756800507937385e+01,8.464889826657898908e+00,4.365253032505610697e+00,-7.833058709210637127e-02
-3.481036435233041715e+01,8.442008050550509068e+00,4.316553814250182697e+00,-8.881993840372882920e-02
-3.484324380678202715e+01,8.419241499612436286e+00,4.267335801169858556e+00,-9.921201483706797164e-02
-3.487621037654312062e+01,8.396607604921490164e+00,4.217603981880213126e+00,-1.103054861094449057e-01
-3.490927887078216685e+01,8.374117714288628278e+00,4.175362131382601483e+00,-1.278056635854116496e-01
-3.494246164657160136e+01,8.351797291889926811e+00,4.135066502884088280e+00,-1.485282838991288101e-01
-3.497577632931929514e+01,8.329674419443605871e+00,4.094389454396702988e+00,-1.695129074363689314e-01
-3.500923974618812906e+01,8.307778200356587206e+00,4.053300559433905548e+00,-1.908310785174623658e-01
-3.504287032865094176e+01,8.286137326503030920e+00,4.011766369392225862e+00,-2.125703000096523243e-01
-3.507668303954164912e+01,8.264783519032061321e+00,3.969756589483305120e+00,-2.348149254563065003e-01
-3.511069342255915160e+01,8.243748998626021063e+00,3.927239036452863985e+00,-2.576467249931375103e-01
-3.514492199486358714e+01,8.223064047812734145e+00,3.884173969420547490e+00,-2.811423873228836023e-01
-3.517937669562219583e+01,8.202767747838933587e+00,3.840536067707291501e+00,-3.053759243879319851e-01
-3.521408014008007115e+01,8.182891736807865968e+00,3.796279966492562163e+00,-3.304135771568194602e-01
-3.524904273509248753e+01,8.163476271507363435e+00,3.751374113895795670e+00,-3.563144493316592332e-01
-3.528427223973791627e+01,8.144564239815082374e+00,3.705788757310395809e+00,-3.831301922323062104e-01
-3.531979769075680764e+01,8.126188842915848198e+00,3.659464597518861773e+00,-4.108969474060955585e-01
-3.535561426109224215e+01,8.108402695697218832e+00,3.612384257314847247e+00,-4.396372672150972716e-01
-3.539173504862787212e+01,8.091250323431879110e+00,3.564504949969737879e+00,-4.693523488170411317e-01
-3.542817939453704668e+01,8.074775310697086539e+00,3.515772953008491353e+00,-5.000192309729755147e-01
-3.546493958055378926e+01,8.059035019060281968e+00,3.466168083589496796e+00,-5.315853933565277689e-01
-3.550202475296435267e+01,8.044080161060456646e+00,3.415644995697289410e+00,-5.639613824386617846e-01
-3.553944443969609779e+01,8.029962916288267749e+00,3.364154577259594880e+00,-5.969921255922761016e-01
-3.557718523520750864e+01,8.016744845114571305e+00,3.316095491275844687e+00,-6.215333163262745098e-01
-3.561524044993463889e+01,8.004469550881841755e+00,3.290728184272718071e+00,-6.246081448254017232e-01
-3.565360032788073852e+01,7.993145653547066409e+00,3.265047269798126983e+00,-6.261397772001705553e-01
-3.569222657617044803e+01,7.982787207279026021e+00,3.239036604406574149e+00,-6.297802021905973824e-01
-3.573109408761492745e+01,7.973406469430237564e+00,3.212669468626319524e+00,-6.356682954352899095e-01
-3.577019885949279399e+01,7.965014250800450668e+00,3.185902452784601380e+00,-6.439734518110442618e-01
-3.580950672652697619e+01,7.957631918964838569e+00,3.158709868643061025e+00,-6.549008595665265497e-01
-3.584898755786237246e+01,7.951282632090656222e+00,3.131060250314767757e+00,-6.686960455032501249e-01
-3.588861642884430836e+01,7.945992146613809481e+00,3.102914808023100601e+00,-6.856587490273775565e-01
-3.592839178697032310e+01,7.941788388193658399e+00,3.074213226441901980e+00,-7.061484581854874376e-01
-3.596826988875997699e+01,7.938709606135326169e+00,3.044919766108913350e+00,-7.305959394886367697e-01
-3.600821591115000331e+01,7.936797477849266258e+00,3.014986305958384794e+00,-7.595116336236293897e-01
-3.604819736988302026e+01,7.936099430020114198e+00,2.984355577986550490e+00,-7.935083514021145090e-01
-3.608817793262839757e+01,7.936670115964205685e+00,2.952964263534776812e+00,-8.333182031732951911e-01
-3.612811602074067707e+01,7.938572367949266351e+00,2.920742456928181241e+00,-8.798108830650092083e-01
-3.616796300559446564e+01,7.941878211475871474e+00,2.887613205735524158e+00,-9.340131561848385999e-01
-3.620766219861572921e+01,7.946670074110077309e+00,2.853491074499618918e+00,-9.971210682633803168e-01
-3.624713946786700092e+01,7.953040827852896122e+00,2.818287780937059672e+00,-1.069548044912179030e+00
-3.628631259940447507e+01,7.961094774165076160e+00,2.794756872596350306e+00,-1.130684006898149407e+00
-3.632508279026426834e+01,7.970911733427236356e+00,2.774912319219548618e+00,-1.173115104489665717e+00
-3.636334870187350532e+01,7.982536000212295590e+00,2.746485271841614395e+00,-1.212129189240592320e+00
-3.640100301774693747e+01,7.995999775974290458e+00,2.719529348888809483e+00,-1.247626548053826667e+00
-3.643793415138782876e+01,8.011322700840374011e+00,2.693375090567781349e+00,-1.278758927388570221e+00
-3.647402842779096943e+01,8.028510517758858711e+00,2.672736781810046924e+00,-1.304759109445186693e+00
-3.650918695645232503e+01,8.047562560227175865e+00,2.672736781810046924e+00,-1.324989667672580751e+00
-3.654328773012307607e+01,8.068450531346675447e+00,2.651258645449972473e+00,-1.338996182368640042e+00
-3.657621531974816520e+01,8.091129318579616481e+00,2.650167901386097480e+00,-1.346547119748524368e+00
-3.660787685247124301e+01,8.115549122216492606e+00,2.650167901386097480e+00,-1.347655896672337317e+00
-3.663817942435137809e+01,8.141641143463147046e+00,2.650167901386097480e+00,-1.342576650430763019e+00
-3.666703470183561819e+01,8.169318460360171841e+00,2.651398331012658094e+00,-1.331779846156602165e+00
-3.669437813543424909e+01,8.198495127247076297e+00,2.637820254866096725e+00,-1.315912207219777974e+00
-3.672014849206767906e+01,8.229069057630772122e+00,2.623604692048336240e+00,-1.295846463707426732e+00
-3.674430074207755581e+01,8.260937033966079923e+00,2.624609749108676837e+00,-1.275591398085339057e+00
-3.676679636630368009e+01,8.293994639067902241e+00,2.644860075211112882e+00,-1.256785127467123786e+00
-3.678760362532981532e+01,8.328141975096416516e+00,2.664925394410839310e+00,-1.236651688694471840e+00
-3.680669700117337584e+01,8.363275464951033911e+00,2.684790640434719045e+00,-1.215495266240392613e+00
-3.682406043767583270e+01,8.399294555649017724e+00,2.704444475871536469e+00,-1.193771535830061126e+00
-3.683968680399804185e+01,8.436105116305215645e+00,2.723880184664892568e+00,-1.171874987689880854e+00
-3.685356967381630966e+01,8.473602276221781082e+00,2.743086102286340644e+00,-1.150133241065361522e+00
-3.686571450147454954e+01,8.511700062212982587e+00,2.762060666667195186e+00,-1.128809686596865980e+00
-3.687612893178209106e+01,8.550311853870091738e+00,2.780801572657974230e+00,-1.108107196680042650e+00
-3.688482102958596442e+01,8.589339897282503244e+00,2.799300848735764013e+00,-1.088172779451352490e+00
-3.689180752174540601e+01,8.628711173583706540e+00,2.817561809039048182e+00,-1.069104431198171445e+00
-3.689710540077067691e+01,8.668349471334821033e+00,2.835585241388373756e+00,-1.050956750992053657e+00
-3.690073292219635448e+01,8.708173869733249362e+00,2.853368940647984964e+00,-1.033750589677512766e+00
-3.690271124833994776e+01,8.748108984096997887e+00,2.870912365229807861e+00,-1.016394649820254070e+00
-3.690306528879072800e+01,8.788094954018170313e+00,2.895517892229694468e+00,-9.892342293211074944e-01
-3.690183746897734096e+01,8.828066927796411889e+00,2.922683468404442930e+00,-9.572445827133747587e-01
-3.689908041176724396e+01,8.867965450695891150e+00,2.949388604063271302e+00,-9.268366991952694534e-01
-3.689484773111389160e+01,8.907725034211555482e+00,2.975636534401802535e+00,-8.982069448075038487e-01
-3.688918979756002159e+01,8.947308736177452815e+00,3.001447349363700390e+00,-8.714202157173349672e-01
-3.688215585605684765e+01,8.986673184469998077e+00,3.026834613665461138e+00,-8.464949801136999463e-01
-3.687379333793850122e+01,9.025778428316957758e+00,3.051812065840609378e+00,-8.234191029821170682e-01
-3.686414761538357254e+01,9.064588101869217596e+00,3.076393786105943828e+00,-8.021557352012034237e-01
-3.685326189261854068e+01,9.103068981173972674e+00,3.100593988071349560e+00,-7.826502342171137716e-01
-3.684117716314427327e+01,9.141190568384567783e+00,3.124426846698234339e+00,-7.648357913252640250e-01
-3.682793221933189187e+01,9.178924707444613418e+00,3.147906358192599896e+00,-7.486378130061344116e-01
-3.681356370269644174e+01,9.216245233383412838e+00,3.171046227614975344e+00,-7.339774619999233085e-01
-3.679810691239261899e+01,9.253125988492866938e+00,3.193858749763410110e+00,-7.207736090862337797e-01
-3.678159358703023685e+01,9.289546082905772550e+00,3.216358167880204899e+00,-7.089449388220721016e-01
-3.676405429218729637e+01,9.325483835968302770e+00,3.238557026801655692e+00,-6.981646508128958040e-01
-3.674551842327763040e+01,9.360918235987844227e+00,3.270480503449117116e+00,-6.834933784268024670e-01
-3.672602083995417388e+01,9.395833178739335878e+00,3.310744879897234316e+00,-6.648306307575336804e-01
-3.670560167698846499e+01,9.430217911556162846e+00,3.350272663666035378e+00,-6.465474423781626401e-01
-3.668430161083942664e+01,9.464061319488234147e+00,3.389084474416830250e+00,-6.288737781814276451e-01
-3.666215745194237741e+01,9.497358149376282199e+00,3.427205535533007996e+00,-6.118498659704506570e-01
-3.663920537096124264e+01,9.530103188151604954e+00,3.464659110017616062e+00,-5.955026971481799380e-01
-3.661548002532138923e+01,9.562292520892732739e+00,3.501468080327726717e+00,-5.798487010741525394e-01
-3.659101450346622642e+01,9.593923406742639770e+00,3.537654934843575738e+00,-5.648952865128077372e-01
-3.656584033441188097e+01,9.624994100934515018e+00,3.573241689826867962e+00,-5.506424542155152757e-01
-3.653998751540063239e+01,9.655503693047769787e+00,3.608249825941328481e+00,-5.370842295551240264e-01
-3.651348455365208423e+01,9.685451961359087036e+00,3.642700238116595823e+00,-5.242099069203605133e-01
-3.648635851873839897e+01,9.714839242789782503e+00,3.676613197437337721e+00,-5.120051252193161817e-01
-3.645863516133064763e+01,9.743666257858670576e+00,3.710008254246690118e+00,-5.004538579437632917e-01
-3.643034734690379395e+01,9.771925824104950919e+00,3.742894669120122142e+00,-4.895368490118459093e-01
-3.640151037645557608e+01,9.799627654016928702e+00,3.775300329746118955e+00,-4.792334514793030187e-01
-3.637214612094607702e+01,9.826773404198343442e+00,3.807242925041476767e+00,-4.695211926933819391e-01
-3.634227534102257096e+01,9.853364834584615650e+00,3.838739457531969990e+00,-4.595729190151416343e-01
-3.631191865731765489e+01,9.879404677767958276e+00,3.875168649184502989e+00,-4.377577103732988584e-01
-3.628111679923955535e+01,9.904904129930679701e+00,3.914697120316739554e+00,-4.068766422656438508e-01
-3.624990497465601891e+01,9.929898439570060020e+00,3.953602084058251087e+00,-3.765815755328377201e-01
-3.621831704656013784e+01,9.954422452107293040e+00,3.991904829441621505e+00,-3.471969455233931967e-01
-3.618638769983088110e+01,9.978508478431644235e+00,4.029623263190139859e+00,-3.187595665876120643e-01
-3.615415838100677348e+01,1.000218223371454584e+01,4.066765540879340612e+00,-2.912847771988245071e-01
-3.612165880266581297e+01,1.002547662592391298e+01,4.103351736501741343e+00,-2.647678946369270703e-01
-3.608890948592521397e+01,1.004842907581792666e+01,4.139409726559742708e+00,-2.391880025560267908e-01
-3.605593674813124494e+01,1.007107086437207499e+01,4.174958424956665581e+00,-2.145184936847845392e-01
-3.602278335373029705e+01,1.009342062114198768e+01,4.209997576414598264e+00,-1.907225745514596893e-01
-3.598945545607019625e+01,1.011552022352123004e+01,4.244564059519550625e+00,-1.677577483920267287e-01
-3.595597387851235993e+01,1.013739975531697368e+01,4.278676808161941736e+00,-1.455770117244345463e-01
-3.592237376036698748e+01,1.015907865499731955e+01,4.312338782528299497e+00,-1.241330411285395813e-01
-3.588866489572662033e+01,1.018059149396039409e+01,4.345577053232233311e+00,-1.033766660094718737e-01
-3.585486069762994532e+01,1.020196901200053929e+01,4.378413078790234891e+00,-8.325876898285383687e-02
-3.582099402055855109e+01,1.022322851179361791e+01,4.410848148850387673e+00,-6.373075060860018681e-02
-3.578707053206871791e+01,1.024440334605061409e+01,4.442908542951745865e+00,-4.474554760869835224e-02
-3.575310243748636907e+01,1.026552164624828478e+01,4.474612696174315118e+00,-2.625832982611070801e-02
-3.571912390059819842e+01,1.028659699886159196e+01,4.505957611441187005e+00,-7.319181498588589810e-03
-3.568513208454039898e+01,1.030766681428655218e+01,4.490420968742381724e+00,1.845449556931777479e-02
-3.565115541662885335e+01,1.032876196683227832e+01,4.461108423121279642e+00,4.721008145526120470e-02
-3.561722277895832889e+01,1.034991864459395217e+01,4.431698880110266359e+00,7.550697735773759245e-02
-3.558334862431097179e+01,1.037118117690343233e+01,4.402171793277207534e+00,1.034173671288064755e-01
-3.554956786540171265e+01,1.039258034966570854e+01,4.372524641693477321e+00,1.310303404920842574e-01
-3.551589732029842139e+01,1.041415775883514883e+01,4.342739243811654326e+00,1.584219677217723887e-01
-3.548236326612227032e+01,1.043594863325311728e+01,4.312805715538594598e+00,1.856597206763667962e-01
-3.544899462828900738e+01,1.045798609786002942e+01,4.282716578953035480e+00,2.127993434764900160e-01
-3.541581163103879248e+01,1.048030881864148256e+01,4.252456421880481230e+00,2.398831884338948339e-01
-3.538284730799985311e+01,1.050294677404889399e+01,4.222021328876294000e+00,2.669426942925463564e-01
-3.535012495795887588e+01,1.052593642797656415e+01,4.191398330357528401e+00,2.939929603797807323e-01
-3.531767528571206327e+01,1.054930911001539329e+01,4.160581110951317108e+00,3.210349660598083021e-01
-3.528552924555226156e+01,1.057309578920669857e+01,4.129563514445902861e+00,3.480522855605287513e-01
-3.525371554126671469e+01,1.059732900363347774e+01,4.098337066469005308e+00,3.750093255652419688e-01
-3.522227161499672121e+01,1.062203438657366839e+01,4.066901833438577363e+00,4.018524314640402606e-01
-3.519122682543292768e+01,1.064724342882757213e+01,4.035249941689588837e+00,4.285055107578318867e-01
-3.516061966389115412e+01,1.067297980718375783e+01,4.003382885779272371e+00,4.548724696835466652e-01
-3.513048568331869603e+01,1.069926866247193686e+01,3.971299601836577597e+00,4.808342155801560991e-01
-3.510086141242565105e+01,1.072613328504307617e+01,3.939000544681476867e+00,5.062494517679589912e-01
-3.507178999130945840e+01,1.075358932098614417e+01,3.906494324309043975e+00,5.293172622620487822e-01
-3.504330147964387976e+01,1.078165922968265988e+01,3.875257613437144144e+00,5.321432436845573433e-01
-3.501542048989518463e+01,1.081032516155061529e+01,3.844611780234072906e+00,5.231100662300594006e-01
-3.498814291969948442e+01,1.083957052732370130e+01,3.813744933926911607e+00,5.157770845746790789e-01
-3.496147489595275459e+01,1.086937168601258996e+01,3.782629713783953296e+00,5.103499478772814957e-01
-3.493542022649220513e+01,1.089971135924163903e+01,3.751232896176923237e+00,5.068110748612063565e-01
-3.490998707753037422e+01,1.093057128632116104e+01,3.719522699774302499e+00,5.051658029127260585e-01
-3.488517969646574102e+01,1.096194229902929429e+01,3.687457996694906814e+00,5.054442764500244323e-01
-3.486101792830445589e+01,1.099379971767533348e+01,3.655013031878887375e+00,5.077035504432668711e-01
-3.483749830450462071e+01,1.102615437764809769e+01,3.622124919297016632e+00,5.120296652756217703e-01
-3.481465340190626279e+01,1.105897341888556795e+01,3.588773765908723767e+00,5.185427094895868061e-01
-3.479249098088319414e+01,1.109226352402751203e+01,3.554897437920133019e+00,5.273996569636515419e-01
-3.477103408178312094e+01,1.112601610588331624e+01,3.520446634758775506e+00,5.388009413116274793e-01
-3.475031936392964838e+01,1.116020648762666490e+01,3.485385228185161388e+00,5.530031308924142630e-01
-3.473035064112182368e+01,1.119487289845215905e+01,3.449608273604827247e+00,5.703204683521239104e-01
-3.471118534425477975e+01,1.122997210362494869e+01,3.413089410474238861e+00,5.911441828307315571e-01
-3.469286315254321806e+01,1.126549846809912303e+01,3.375757751618563063e+00,6.159601648194800161e-01
-3.467540551300618290e+01,1.130149847016463127e+01,3.337479306277157498e+00,6.453660102899416717e-01
-3.465888933095467905e+01,1.133792312855697126e+01,3.298211600940836430e+00,6.801008552923255568e-01
-3.464337543111383155e+01,1.137476991492040490e+01,3.257852542050789779e+00,7.210666451125938847e-01
-3.462892981595574327e+01,1.141204930119316785e+01,3.216271903096279416e+00,7.647726048097122087e-01
-3.461562318826695162e+01,1.144977518958529039e+01,3.192760479210255298e+00,7.939178315046634404e-01
-3.460352400827858332e+01,1.148789554086764220e+01,3.169255023607049360e+00,8.185090525000007222e-01
-3.459268034412749415e+01,1.152638656410502804e+01,3.145127647076106925e+00,8.432578925023754834e-01
-3.458314109191260854e+01,1.156521927599885835e+01,3.120356534689154859e+00,8.680809910492101045e-01
-3.457495539050078293e+01,1.160435945898023746e+01,3.094920113313953003e+00,8.928932906254720692e-01
-3.456817204683260769e+01,1.164376757917530369e+01,3.068797017935661842e+00,9.176114811077471511e-01
-3.456283894887059205e+01,1.168339876581474179e+01,3.041966024642834832e+00,9.421579131477308966e-01
-3.455900248128907037e+01,1.172320284990992256e+01,3.014405948105260968e+00,9.664650613659856448e-01
-3.455670695899180345e+01,1.176312445718648370e+01,2.986095502219639375e+00,9.904804102845127245e-01
-3.455599409266913113e+01,1.180310314755660528e+01,2.957013123472334470e+00,1.014171591392742933e+00
-3.455690249889170929e+01,1.184307359099206813e+01,2.927136757409094070e+00,1.037533519891807643e+00
-3.455946812867024676e+01,1.188297587613597095e+01,2.896435713793861666e+00,1.060593373994858757e+00
-3.456372482268002244e+01,1.192274592049716375e+01,2.864623122774234254e+00,1.083409508419364453e+00
-3.456969898468214097e+01,1.196228555818480110e+01,2.832223179501305310e+00,1.106077292929620981e+00
-3.457741331797635098e+01,1.200151139362502306e+01,2.799127537066744331e+00,1.129398774117142512e+00
-3.458689491703254504e+01,1.204036591287328051e+01,2.771497387563421011e+00,1.164839905699277534e+00
-3.459817343102099585e+01,1.207872904092268307e+01,2.741948803992487971e+00,1.209015724703323746e+00
-3.461129082538835178e+01,1.211649678485693826e+01,2.714525363596079544e+00,1.249481496033734151e+00
-3.462628202141351608e+01,1.215357167915359149e+01,2.700020211494769118e+00,1.284503577851471290e+00
-3.464315230309869520e+01,1.218981778768866775e+01,2.676543532966685568e+00,1.312797330439475552e+00
-3.466190598958105795e+01,1.222513751241676871e+01,2.652853174006262194e+00,1.333227008476665976e+00
-3.468251165712694473e+01,1.225940160416694624e+01,2.650430166601420723e+00,1.344928689755617190e+00
-3.470493143867776809e+01,1.229251137544776995e+01,2.650430166601420723e+00,1.347389170522609092e+00
-3.472910162638548570e+01,1.232436528691174793e+01,2.650430166601420723e+00,1.340508945668338114e+00
-3.475494221590354016e+01,1.235487647097678199e+01,2.652091456301012062e+00,1.324609676640274181e+00
-3.478236584836581358e+01,1.238398069798219048e+01,2.644900818432515344e+00,1.300401419941876746e+00
-3.481125943482471286e+01,1.241161460646241110e+01,2.631330611176864842e+00,1.268898641991858423e+00
-3.484152775839041283e+01,1.243775618087003920e+01,2.617808992796017087e+00,1.231886824464420105e+00
-3.487303303354961059e+01,1.246236490108597117e+01,2.631317962074151584e+00,1.199321391124952729e+00
-3.490569338817633849e+01,1.248544312666057365e+01,2.662929802913911903e+00,1.172450821689787981e+00
-3.493939530726590448e+01,1.250696241131461939e+01,2.693910917027178442e+00,1.145619951495979061e+00
-3.497404431142421544e+01,1.252691399329157917e+01,2.724071840757867236e+00,1.118715197369228198e+00
-3.500956047134540228e+01,1.254530088939366372e+01,2.753506546149712797e+00,1.091789377296307206e+00
-3.504584139087847205e+01,1.256211806595373659e+01,2.782219247399441819e+00,1.064891712864900475e+00
-3.508279719322668910e+01,1.257737217582390166e+01,2.810223067038648104e+00,1.038068480720105047e+00
-3.512036017511596953e+01,1.259108180239616459e+01,2.837544945225161541e+00,1.011361702526252015e+00
-3.515845122872068629e+01,1.260326277655089733e+01,2.864199877816993478e+00,9.848124249283516374e-01
-3.519699515632029829e+01,1.261393512864062494e+01,2.890203123513596761e+00,9.584653819396115049e-01
-3.523592087307235943e+01,1.262312263871874229e+01,2.915570206103702766e+00,9.323672868210310938e-01
-3.527515150479225525e+01,1.263085058479024703e+01,2.940310664365472171e+00,9.065612156370964625e-01
-3.531463790481368648e+01,1.263715184456068563e+01,2.964449086614744822e+00,8.810886833107053340e-01
-3.535432399235292422e+01,1.264205849071156251e+01,2.988002629507813701e+00,8.559867074096572104e-01
-3.539415722667224173e+01,1.264560420699429777e+01,3.011789420459092703e+00,8.261619482864950292e-01
-3.543408901064810124e+01,1.264783224854082633e+01,3.052247020228532115e+00,7.808839887087581921e-01
-3.547406365920151927e+01,1.264881219799818268e+01,3.091546273248662935e+00,7.372596068595261842e-01
-3.551404577757945447e+01,1.264861345486408872e+01,3.129780565590793096e+00,6.989791581867104142e-01
-3.555400886384612136e+01,1.264729741745955671e+01,3.167037945842353430e+00,6.654001859991250933e-01
-3.559392639166102157e+01,1.264491842521056775e+01,3.203394569561993421e+00,6.359673816982154282e-01
-3.563377522417178511e+01,1.264152466868073788e+01,3.238919755560718095e+00,6.102042193006402826e-01
-3.567353475153530695e+01,1.263715886941686506e+01,3.273676569971462946e+00,5.877047384224045601e-01
-3.571317191004313685e+01,1.263186097762344673e+01,3.307710225689328709e+00,5.681207297243858756e-01
-3.575267215757189376e+01,1.262566506281903145e+01,3.341075986017283839e+00,5.511527463203133026e-01
-3.579203382202432238e+01,1.261859880432915659e+01,3.373834139379586539e+00,5.365442504662005785e-01
-3.583124167781002001e+01,1.261068818053629315e+01,3.406028605063484260e+00,5.240798937849248107e-01
-3.587026520437611765e+01,1.260195978433443820e+01,3.437687009847536057e+00,5.135776456537688439e-01
-3.590910033682951052e+01,1.259243208796612734e+01,3.468855219944581236e+00,5.048830051467894098e-01
-3.594774229794758469e+01,1.258212037666025651e+01,3.499575221433057326e+00,4.978657557543081369e-01
-3.598617023756881395e+01,1.257104163302198963e+01,3.529873610904523229e+00,4.924184737780373244e-01
-3.602436621899454394e+01,1.255921033295324207e+01,3.559777281551624206e+00,4.884524933538509361e-01
-3.606232969967526003e+01,1.254663329806460759e+01,3.589324863525247267e+00,4.858958498646863688e-01
-3.610004175509594404e+01,1.253332090967641044e+01,3.618539040323789813e+00,4.825831722501958687e-01
-3.613748465565969070e+01,1.251928521167396724e+01,3.664426430774968324e+00,4.704108589868976065e-01
-3.617466086180120755e+01,1.250454610943331168e+01,3.710563442434766213e+00,4.557958306486676880e-01
-3.621156242131643666e+01,1.248913176172533213e+01,3.756019299319308224e+00,4.415606285782641138e-01
-3.624818240752446741e+01,1.247306984058435830e+01,3.800815681741562813e+00,4.277280790004759914e-01
-3.628452645142925093e+01,1.245638201338789486e+01,3.844987963126966335e+00,4.143146019408557867e-01
-3.632058732125202027e+01,1.243909512753203472e+01,3.888554262783030513e+00,4.013306129122382604e-01
-3.635636480732777898e+01,1.242123239904149123e+01,3.931539858825352063e+00,3.887821711308028227e-01
-3.639186397923879923e+01,1.240281365295219551e+01,3.973974991250190936e+00,3.766715221826468785e-01
-3.642707788187490081e+01,1.238386431790176090e+01,4.015874293012872798e+00,3.649970090187087401e-01
-3.646201283794290049e+01,1.236440226117801799e+01,4.057267126903758125e+00,3.537546822731315044e-01
-3.649667119187004261e+01,1.234444665388513762e+01,4.098177031018580330e+00,3.429381597879649357e-01
-3.653104870582740915e+01,1.232401994288670366e+01,4.138618852883125143e+00,3.325391112218488709e-01
-3.656515415693303339e+01,1.230313629218487570e+01,4.178621901496103241e+00,3.225481718665026976e-01
-3.659898690714118175e+01,1.228181476903001901e+01,4.218203608605623600e+00,3.129542781583886102e-01
-3.663254966001821344e+01,1.226007183107537024e+01,4.257384623318472450e+00,3.037460610858043752e-01
-3.666584679687328929e+01,1.223792217333298105e+01,4.296186903135449597e+00,2.949114484733438846e-01
-3.669887960345990052e+01,1.221538190438080562e+01,4.334628221159182004e+00,2.864379015747977042e-01
-3.673165248795437776e+01,1.219246443025239124e+01,4.372729481068828861e+00,2.783129014963935943e-01
-3.676416777691143523e+01,1.216918398061515028e+01,4.410508721703616075e+00,2.705358563615387624e-01
-3.679643018853355585e+01,1.214555246363474872e+01,4.450709998960588720e+00,2.637955940539603583e-01
-3.682844015624826994e+01,1.212158293448543134e+01,4.496055909992732857e+00,2.582823154375037955e-01
-3.686020150483749092e+01,1.209728356066688626e+01,4.540967463668166282e+00,2.527949766862479519e-01
-3.689171554199429437e+01,1.207266437531772141e+01,4.585464200473197138e+00,2.472355313797664211e-01
-3.692298403729058265e+01,1.204773529318727476e+01,4.629565393158554976e+00,2.416132910153068469e-01
-3.695401110950044909e+01,1.202250452166712869e+01,4.673254906988052682e+00,2.359371194319351550e-01
-3.698479825107481389e+01,1.199698253698311134e+01,4.716550683434956426e+00,2.302153015676772774e-01
-3.701534915261346725e+01,1.197117817621084157e+01,4.759461744417068374e+00,2.244556744290638894e-01
-3.704566738590129660e+01,1.194510047409834286e+01,4.801996464778786944e+00,2.186654723406041279e-01
-3.707575624451445861e+01,1.191875881135383963e+01,4.844162378361091648e+00,2.128513959994303428e-01
-3.710561993026798433e+01,1.189216186792936902e+01,4.885967866444945962e+00,2.070196206887705281e-01
-3.713526236674432113e+01,1.186531863580141888e+01,4.927420517416250867e+00,2.011757518487112539e-01
-3.716468789945310647e+01,1.183823778833930618e+01,4.968528129645923386e+00,1.953248787169307166e-01
-3.719390100557320977e+01,1.181092792096342947e+01,5.009298325365334037e+00,1.894715501461500251e-01
-3.722290636679547760e+01,1.178339747049704833e+01,5.049738671642222343e+00,1.836198026018122376e-01
-3.725170880355010183e+01,1.175565476320853087e+01,5.089856606468976530e+00,1.777731724420258952e-01
-3.728031325826380282e+01,1.172770802065492823e+01,5.129659432338138814e+00,1.719347049993431575e-01
-3.730872494106863257e+01,1.169956520533426314e+01,5.169154534478845875e+00,1.661069819494498390e-01
-3.733694901373813479e+01,1.167123432187334053e+01,5.208348955789441348e+00,1.602921254147662011e-01
-3.736499093032726648e+01,1.164272307177090049e+01,5.247249883914218316e+00,1.546111392220228253e-01
-3.739285601894255961e+01,1.161403899362762004e+01,5.288138567190681982e+00,1.507769787507287906e-01
-3.742054762319470740e+01,1.158518744599310502e+01,5.330260237821370595e+00,1.483831623276069545e-01
-3.744806755645043950e+01,1.155617206813364106e+01,5.372051024451714341e+00,1.460281868925874804e-01
-3.747541758031162829e+01,1.152699647507324343e+01,5.413517887329575728e+00,1.436744562868390307e-01
-3.750259950077226989e+01,1.149766424444955071e+01,5.454668811526877548e+00,1.413228214196101395e-01
-3.752961526839926165e+01,1.146817880370025300e+01,5.495510300594013131e+00,1.389740737091842981e-01
-3.755646669137995275e+01,1.143854373955666937e+01,5.536048739066277591e+00,1.366289401842968321e-01
-3.758315582131382371e+01,1.140876237381489489e+01,5.576290986490239909e+00,1.342880899673404016e-01
-3.760968466539187460e+01,1.137883807486676702e+01,5.616243421117906642e+00,1.319521329996663772e-01
-3.763605517489389740e+01,1.134877427356042467e+01,5.655912112644391421e+00,1.296216211280577790e-01
-3.766226954242343794e+01,1.131857412231662607e+01,5.695303280051287942e+00,1.272970524462991582e-01
-3.768832981394951531e+01,1.128824093460636036e+01,5.734422717980715234e+00,1.249788673630636421e-01
-3.771423815501844956e+01,1.125777787914736372e+01,5.773276206643682684e+00,1.226674559744980741e-01
-3.773999676481906107e+01,1.122718807547800601e+01,5.811869391434976606e+00,1.203631557400453161e-01
-3.776560782349446299e+01,1.119647465562534983e+01,5.850207712532546012e+00,1.180662537979107196e-01
-3.779107359236634522e+01,1.116564064345238450e+01,5.888296563013524221e+00,1.157769901019624348e-01
-3.781639631003638868e+01,1.113468907778274186e+01,5.926141140824952913e+00,1.134955546437128454e-01
-3.784157833094648993e+01,1.110362284224364871e+01,5.963746663005146331e+00,1.112220952845537347e-01
-3.786662187495299747e+01,1.107244497221297408e+01,6.001117998313496571e+00,1.089567121351495832e-01
-3.789152936796494942e+01,1.104115823295399856e+01,6.038260182178550650e+00,1.068015476815242920e-01
-3.791630299985580166e+01,1.100976540698788675e+01,6.075708866984959933e+00,1.052744469875712546e-01
-3.794094416617944177e+01,1.097826866965351300e+01,6.113015828660303796e+00,1.039806162879576001e-01
-3.796545426261766210e+01,1.094666959447347132e+01,6.150098704938824490e+00,1.026844507006384327e-01
-3.798983433209961902e+01,1.091497021810341295e+01,6.186960908107002943e+00,1.013858401688194633e-01
-3.801408567678574002e+01,1.088317225500927243e+01,6.223606123615538444e+00,1.000850981986726174e-01
-3.803820958551747822e+01,1.085127744505835423e+01,6.260037902149689693e+00,9.878252333436107757e-02
-3.806220728355899041e+01,1.081928762149028600e+01,6.296259588397871809e+00,9.747840165207430352e-02
-3.808608011400921356e+01,1.078720446954456236e+01,6.332274477595327689e+00,9.617300739698565748e-02
-3.810982937059995379e+01,1.075502974743632123e+01,6.368086175268988569e+00,9.486660102346257395e-02
-3.813345639795492303e+01,1.072276515153044762e+01,6.403697536133570622e+00,9.355943148613449223e-02
-3.815696253486547107e+01,1.069041239191926884e+01,6.439111798497171080e+00,9.225173456921681447e-02
-3.818034916379608035e+01,1.065797312374991890e+01,6.474332054246215051e+00,9.094373404223290991e-02
-3.820361766464277764e+01,1.062544900971608008e+01,6.509361304150031557e+00,8.963564157666242815e-02
-3.822676941601680767e+01,1.059284171833201960e+01,6.544202463051203011e+00,8.832765640468712154e-02
-3.824980587062624693e+01,1.056015281658085847e+01,6.578858476355190277e+00,8.701996671208590828e-02
-3.827272840652293695e+01,1.052738397939090653e+01,6.613332099137383402e+00,8.571274805625397897e-02
-3.829553849305997204e+01,1.049453675366303784e+01,6.647626148624179443e+00,8.440616485502047683e-02
-3.831823760221233499e+01,1.046161268254135379e+01,6.681743373425446109e+00,8.310037068551023864e-02
-3.834082712649642133e+01,1.042861342558767035e+01,6.715686332804306602e+00,8.179570831591474744e-02
-3.836330861967324068e+01,1.039554040692989112e+01,6.749480980334958247e+00,8.061485260016315602e-02
-3.838568336965660421e+01,1.036239509070967735e+01,6.783256510888278967e+00,7.976575121524361045e-02
-3.840795225743752184e+01,1.032917859922482151e+01,6.816863692343301473e+00,7.897210798249476582e-02
-3.843011617098036226e+01,1.029589188694468760e+01,6.850305011417976431e+00,7.817870719665290236e-02
-3.845217586646811014e+01,1.026253610762138280e+01,6.883582696022140013e+00,7.738563455883770703e-02
-3.847413224757924866e+01,1.022911219444543995e+01,6.916699138638194633e+00,7.659297248331153884e-02
-3.849598617749261109e+01,1.019562114156180854e+01,6.949656614584086789e+00,7.580079965750080584e-02
-3.851773842836501416e+01,1.016206408432477559e+01,6.982457207735324189e+00,7.500919045321582934e-02
-3.853938996746028778e+01,1.012844185813805886e+01,7.015103243760613339e+00,7.421821646751784740e-02
-3.856094160569191587e+01,1.009475553964641925e+01,7.047596761843172075e+00,7.342794452020784401e-02
-3.858239421901623700e+01,1.006100610525052730e+01,7.079939451328943534e+00,7.263843839129559277e-02
-3.860374875135104844e+01,1.002719442315378018e+01,7.112133618864485030e+00,7.184975881351031435e-02
-3.862500598663677209e+01,9.993321614281004628e+00,7.144182623152818046e+00,7.106196190472191532e-02
-3.864616690516746189e+01,9.959388487150810931e+00,7.176087070471576013e+00,7.027510123864477709e-02
-3.866723239490304564e+01,9.925395995254024939e+00,7.207848719895921796e+00,6.948922647442086487e-02
-3.868820329659751422e+01,9.891345168201752358e+00,7.239469783136104120e+00,6.870438386441388157e-02
-3.870908060538435080e+01,9.857236783731284646e+00,7.270952264511504559e+00,6.792061704773612318e-02
-3.872986517151685604e+01,9.823071853377372875e+00,7.302297910603384068e+00,6.713796536627521239e-02
-3.875055793149906691e+01,9.788851246330642297e+00,7.333508559970866258e+00,6.635646559514077336e-02
-3.877115984287826222e+01,9.754575793943288886e+00,7.364586045999957697e+00,6.557865985434740974e-02
-3.879167174717555611e+01,9.720246510939412943e+00,7.395502887312503049e+00,6.490126621709169097e-02
-3.881209450751528323e+01,9.685864065173719339e+00,7.426246163153626512e+00,6.435442652457684654e-02
-3.883242872233240206e+01,9.651429161123303402e+00,7.456861823130278566e+00,6.381656136003077684e-02
-3.885267496298558854e+01,9.616942523202530069e+00,7.487351339533187655e+00,6.327889766463432042e-02
-3.887283390312173736e+01,9.582404702235589156e+00,7.517716307028948997e+00,6.274147281508632434e-02
-3.889290609590162973e+01,9.547816455367962973e+00,7.547958108050105253e+00,6.220432208397980167e-02
-3.891289218967903452e+01,9.513178377169303701e+00,7.578078238506357422e+00,6.166747967738193253e-02
-3.893279283542008073e+01,9.478491056737214038e+00,7.608078169223509768e+00,6.113097866588826368e-02
-3.895260856574441988e+01,9.443755290195253949e+00,7.637959164331244999e+00,6.059485013613235410e-02
-3.897234010289093220e+01,9.408971542126964849e+00,7.667722746371832265e+00,6.005912445118523346e-02
-3.899198803805762736e+01,9.374140506216248170e+00,7.697370213579577403e+00,5.952382997221644656e-02
-3.901155298465979371e+01,9.339262837765309300e+00,7.726902871650408677e+00,5.898899403265499275e-02
-3.903103563754427796e+01,9.304339046148745851e+00,7.756322123926493006e+00,5.845464296214691879e-02
-3.905043656117461381e+01,9.269369873613332089e+00,7.785629152276943188e+00,5.792080114497846766e-02
-3.906975644866049180e+01,9.234355830988979719e+00,7.814825308891304445e+00,5.738749212613666190e-02
-3.908899595208567490e+01,9.199297501343250971e+00,7.843911714435064297e+00,5.685473809381654670e-02
-3.910815565176164199e+01,9.164195598484322858e+00,7.872889284896771755e+00,5.632255975620669569e-02
-3.912723627439955010e+01,9.129050567560220486e+00,7.901760183110857483e+00,5.579097703538189734e-02
-3.914623842630322059e+01,9.093863073223566573e+00,7.930525838362304292e+00,5.526000802838040155e-02
-3.916516276317553746e+01,9.058633688606159140e+00,7.959185966949586799e+00,5.467696136128860629e-02
-3.918401005144093574e+01,9.023362957049673838e+00,7.986260724217462581e+00,5.343640775344257743e-02
-3.920278188103647210e+01,8.988052112954781236e+00,8.012438341340089920e+00,5.174844146791930666e-02
-3.922148061865261326e+01,8.952702455541089677e+00,8.038529735985250113e+00,5.005128251523385113e-02
-3.924010858480524178e+01,8.917315402017377934e+00,8.064535588346862127e+00,4.835361882208988327e-02
-3.925866803664006710e+01,8.881892493467182348e+00,8.090456477149491121e+00,4.665560333403322851e-02
-3.927716142077379402e+01,8.846434911400635315e+00,8.116293233271159480e+00,4.495738095553274138e-02
-3.929559099156382729e+01,8.810944206095655318e+00,8.142046407039972067e+00,4.325908307507597000e-02
-3.931395913459869007e+01,8.775421677428608902e+00,8.167716720520168394e+00,4.156083204217447119e-02
-3.933226828518777296e+01,8.739868527854318003e+00,8.193304954100641524e+00,3.986274363838086809e-02
-3.935052061954170455e+01,8.704286463553653874e+00,8.218811515265231904e+00,3.816491953033777917e-02
-3.936871869824088321e+01,8.668676442294538376e+00,8.244237338216507283e+00,3.646745692477902645e-02
-3.938686483092872948e+01,8.633039909202599560e+00,8.269582996364224670e+00,3.477044056074857226e-02
-3.940496133866191286e+01,8.597378287545810238e+00,8.294849069392245866e+00,3.307394852596848289e-02
-3.942301074798183436e+01,8.561692593664711026e+00,8.320036414379899270e+00,3.137805425503672335e-02
-3.944101528232909004e+01,8.525984440603735948e+00,8.345145456207506030e+00,2.968281855858849114e-02
-3.945897744553185760e+01,8.490254884726834206e+00,8.370177002109054243e+00,2.798829855084217916e-02
-3.947689966843613263e+01,8.454505123285391832e+00,8.395131748646416980e+00,2.629454521795047961e-02
-3.949478417138497832e+01,8.418736771857339818e+00,8.420010091121154616e+00,2.460160008570176290e-02
-3.951263356809176486e+01,8.382950657219721435e+00,8.444812964066111149e+00,2.290950388439769517e-02
-3.953045014091903653e+01,8.347148265827854630e+00,8.469540833155019044e+00,2.092802727267879456e-02
-3.954823671730656542e+01,8.311331029041763685e+00,8.492671350880776515e+00,1.727647492953704456e-02
-3.956599863836521536e+01,8.275501320695875407e+00,8.515528973765958298e+00,1.303016225158661057e-02
-3.958374176067142258e+01,8.239662616455460054e+00,8.538323086614566293e+00,8.785544709956728121e-03
-3.960147235918691422e+01,8.203817541496746912e+00,8.561054461936793203e+00,4.543351471567882993e-03
-3.961919646789915106e+01,8.167969198662575536e+00,8.583723559710460194e+00,3.035447581083340770e-04
-3.963692006226244047e+01,8.132120800848067432e+00,8.606330763370840131e+00,-3.933917433661156780e-03
-3.965464938707837916e+01,8.096275007707756544e+00,8.628876797458586267e+00,-8.169068266780207116e-03
-3.967239035171296990e+01,8.060435148866620381e+00,8.651361956851232549e+00,-1.240195032781593425e-02
-3.969014910363833337e+01,8.024604064311741780e+00,8.673786837032498198e+00,-1.663258585148894020e-02
-3.970793175697142630e+01,7.988784654006663821e+00,8.696151987742249290e+00,-2.086097700595104451e-02
-3.972574415861728170e+01,7.952980347526174221e+00,8.718457621377339706e+00,-2.508711352072265019e-02
-3.974359256126800943e+01,7.917193749901447752e+00,8.740704457585252385e+00,-2.931094333972972948e-02
-3.976148287938621451e+01,7.881428137861377081e+00,8.762892790696595213e+00,-3.353239451762431156e-02
-3.977942110510976903e+01,7.845686622507644259e+00,8.785023012019841815e+00,-3.775134837124149295e-02
-3.979741336523243689e+01,7.809972038635454084e+00,8.807095677215455609e+00,-4.196763195727992724e-02
-3.981546541560263819e+01,7.774287947595976966e+00,8.829110886707983497e+00,-4.618103697867731450e-02
-3.983358340048630453e+01,7.738637130154979005e+00,8.851069217054293503e+00,-5.039128556725975400e-02
-3.985177322614925544e+01,7.703022827612432621e+00,8.872970954413307965e+00,-5.459804371825287966e-02
-3.987004066289243553e+01,7.667448531813385593e+00,8.894816225646474450e+00,-5.880070899348457947e-02
-3.988839182323345511e+01,7.631917052926630696e+00,8.915762874912484648e+00,-6.245262485636485922e-02
-3.990683157658511959e+01,7.596431690411353799e+00,8.926637834700175134e+00,-6.436700633682047867e-02
-3.992536263312791078e+01,7.560993867218722464e+00,8.937498279016812930e+00,-6.593796900306908570e-02
-3.994398716360833390e+01,7.525604855921080194e+00,8.948344346556440954e+00,-6.750932256205137427e-02
-3.996270700292380695e+01,7.490266564518460513e+00,8.959175980610437406e+00,-6.908102447684720537e-02
-3.998152451381869810e+01,7.454979901420467847e+00,8.969993430216696595e+00,-7.065301308149039838e-02
-4.000044161575636537e+01,7.419746611478960752e+00,8.980796687422467173e+00,-7.222522073677836718e-02
-4.001946036997079403e+01,7.384568169586636976e+00,8.991585826410075200e+00,-7.379756239114236560e-02
-4.003858297140943989e+01,7.349445804611440813e+00,9.002360996260129866e+00,-7.536993625228353977e-02
-4.005781119496137421e+01,7.314381514544167295e+00,9.013122109501491508e+00,-7.694223288547652473e-02
-4.007714730488142152e+01,7.279376398548816240e+00,9.023869353865073606e+00,-7.851432262081306512e-02
-4.009659324635718747e+01,7.244432136898950603e+00,9.034602738188567628e+00,-8.008606556954080136e-02
-4.011615091799281885e+01,7.209550485630844108e+00,9.045322247359152357e+00,-8.165730586361505394e-02
-4.013582250901635007e+01,7.174732678831291288e+00,9.056028026065739311e+00,-8.322786806842716323e-02
-4.015560976349483724e+01,7.139980735742506468e+00,9.066719976992684948e+00,-8.479756822229383983e-02
-4.017551479243868329e+01,7.105296020776223465e+00,9.077398203525739007e+00,-8.636620194086370994e-02
-4.019553957164242064e+01,7.070680133436343162e+00,9.088062736142717313e+00,-8.793354907608076643e-02
-4.021568579972550594e+01,7.036135141472264820e+00,9.098713460247504159e+00,-8.949937673564750673e-02
-4.023595567837411124e+01,7.001662239997475723e+00,9.109350529481453407e+00,-9.106342922650674521e-02
-4.025635088297882191e+01,6.967263515757457171e+00,9.119973821731013786e+00,-9.262379355842087492e-02
-4.027687335698195881e+01,6.932940582039506694e+00,9.125205658345819870e+00,-9.394830446378515942e-02
-4.029752479053175307e+01,6.898694742801004587e+00,9.112863042214065956e+00,-9.479973473993107136e-02
-4.031830567524947639e+01,6.864527817929745979e+00,9.100505387588647466e+00,-9.559730035984702334e-02
-4.033921717825607800e+01,6.830440341364973023e+00,9.088132314629332242e+00,-9.639845171498748200e-02
-4.036025990279990339e+01,6.796433782469430973e+00,9.075743780256464888e+00,-9.720313455327392327e-02
-4.038143461266786716e+01,6.762509350938910480e+00,9.063339646494918966e+00,-9.801128706137586521e-02
-4.040274224744821652e+01,6.728667983846965406e+00,9.050919673937690035e+00,-9.882284152595380289e-02
-4.042418330123829406e+01,6.694911331613432992e+00,9.038483883707881361e+00,-9.963772841162735205e-02
-4.044575877684543030e+01,6.661240244641833286e+00,9.026032001692767537e+00,-1.004558701400860982e-01
-4.046746935421561631e+01,6.627656088924936739e+00,9.013563942172149623e+00,-1.012771863461729982e-01
-4.048931570559243909e+01,6.594160242786625048e+00,9.001079623541141217e+00,-1.021015904737852392e-01
-4.051129873551832361e+01,6.560753733270330734e+00,8.988578832052189327e+00,-1.029289890758917220e-01
-4.053341899393684855e+01,6.527438131812600020e+00,8.976061556328128077e+00,-1.037592859672173823e-01
-4.055567734124798562e+01,6.494214542048093008e+00,8.963527608842632333e+00,-1.045923770833397937e-01
-4.057807449115266962e+01,6.461084293848618820e+00,8.950976885733107125e+00,-1.054281536765782623e-01
-4.060061104360351436e+01,6.428048885359054054e+00,8.938409346438522363e+00,-1.062665013858211660e-01
-4.062328785951984855e+01,6.395109433617373718e+00,8.925824804710140725e+00,-1.071072984136512418e-01
-4.064610550047949289e+01,6.362267494609018748e+00,8.913223240800576264e+00,-1.079504190958612830e-01
-4.066906471856838579e+01,6.329524348098383157e+00,8.900604528874939803e+00,-1.087957301731495297e-01
-4.069216622983766030e+01,6.296881328798777488e+00,8.887968563148028522e+00,-1.096389423763718257e-01
-4.071541055079595850e+01,6.264340040441962465e+00,8.875315342495328608e+00,-1.102636248891865622e-01
-4.073879821299404824e+01,6.231901457312422288e+00,8.862644660141384634e+00,-1.105656929863359506e-01
-4.076232904463747531e+01,6.199566644583527797e+00,8.849956401453479060e+00,-1.108469427664044299e-01
-4.078600297921397555e+01,6.167336457452790022e+00,8.837250372488085759e+00,-1.111338067498122001e-01
-4.080981995028718501e+01,6.135211761883292425e+00,8.824526380921671631e+00,-1.114262535151839401e-01
-4.083377978914118245e+01,6.103193570492510212e+00,8.811784290270862741e+00,-1.117242512942978466e-01
-4.085788246718156813e+01,6.071282716564479820e+00,8.799023890545651483e+00,-1.120277673624910791e-01
-4.088212785824523365e+01,6.039480172804871927e+00,8.786245024840217965e+00,-1.123367686863436660e-01
-4.090651588004589456e+01,6.007786862205638734e+00,8.773447514053534846e+00,-1.126512211458044060e-01
-4.093104641340244143e+01,5.976203764028618970e+00,8.760631199436872407e+00,-1.129710900807963936e-01
-4.095571941102151214e+01,5.944731773302134314e+00,8.747795885640931246e+00,-1.132963398299410562e-01
-4.098053472830183352e+01,5.913371917729187466e+00,8.734941428907223582e+00,-1.136269338815696084e-01
-4.100549227856734547e+01,5.882125158340180349e+00,8.722067656030969118e+00,-1.139628348450241052e-01
-4.103059201149675772e+01,5.850992419367329944e+00,8.709174375990567540e+00,-1.143040040492061954e-01
-4.105583372745402926e+01,5.819974817261550193e+00,8.696261475055630186e+00,-1.146504023316115839e-01
-4.108121746453492307e+01,5.789073183011910650e+00,8.683328718376083444e+00,-1.150019887487300219e-01
-4.110674301387841467e+01,5.758288657353529238e+00,8.670375997835975568e+00,-1.153587215937923183e-01
-4.113241027049502918e+01,5.727622259466514265e+00,8.657403152518885037e+00,-1.157205579307014620e-01
-4.115821925913288482e+01,5.697074862255274041e+00,8.644409956717861832e+00,-1.160874530642092978e-01
-4.118416967594802003e+01,5.666647734265614744e+00,8.631396350546534535e+00,-1.164584434875463037e-01
-4.121026160405557448e+01,5.636341692006434201e+00,8.618362079346283622e+00,-1.168076541213718123e-01
-4.123649478953142022e+01,5.606157887413758090e+00,8.605307040387209838e+00,-1.171315149245228115e-01
-4.126286898270154779e+01,5.576097395473883722e+00,8.592231108784577742e+00,-1.174586816678603179e-01
-4.128938425347632801e+01,5.546160931094186175e+00,8.579134000683596994e+00,-1.177907468701731852e-01
-4.131604010145291994e+01,5.516349860562024254e+00,8.566015714315803109e+00,-1.181276685141837701e-01
-4.134283655011850556e+01,5.486664964801444277e+00,8.552875989261080392e+00,-1.184694020142823545e-01
-4.136977334990103827e+01,5.457107337260215019e+00,8.539714699751474569e+00,-1.188159019578649417e-01
-4.139685012348322601e+01,5.427678212303553629e+00,8.526531781609406835e+00,-1.191671224533347589e-01
-4.142406710036286910e+01,5.398378171597897790e+00,8.513326875378274039e+00,-1.195230145708679331e-01
-4.145142363626341364e+01,5.369208746362624574e+00,8.500100046010205190e+00,-1.198835294480622010e-01
-4.147891972860126231e+01,5.340170779849223948e+00,8.486851046584632741e+00,-1.202486151135044451e-01
-4.150655522088475635e+01,5.311265288118804939e+00,8.473579704985173322e+00,-1.206182186172909676e-01
-4.153432961803766688e+01,5.282493642520184274e+00,8.460286010844026094e+00,-1.209922865287016286e-01
-4.156224316148709619e+01,5.253856455142764226e+00,8.446969600813979184e+00,-1.213707616791319804e-01
-4.159029522708753035e+01,5.225355235172983726e+00,8.433630524843430010e+00,-1.217535867675763744e-01
-4.161848568715301155e+01,5.196990982318305363e+00,8.420268594936112905e+00,-1.221407016245463772e-01
-4.164681452373900328e+01,5.168764594673583623e+00,8.406883571348464201e+00,-1.225320442175641816e-01
-4.167528110950971865e+01,5.140677580008436998e+00,8.393475501540535788e+00,-1.229275520504627961e-01
-4.170388562702920154e+01,5.112730646437737114e+00,8.380044050291555635e+00,-1.233271584325217191e-01
-4.173262755555949610e+01,5.084925198041906569e+00,8.366589212815444654e+00,-1.237302775987752096e-01
-4.176150657399543320e+01,5.057262439404220267e+00,8.353114596181365314e+00,-1.241287062627289273e-01
-4.179052282200249380e+01,5.029743120894044850e+00,8.339618880554201752e+00,-1.245228010032008586e-01
-4.181967551934087624e+01,5.002368851685201179e+00,8.326098194782794337e+00,-1.249185789373381678e-01
-4.184896471251315120e+01,4.975140454669836565e+00,8.312554196874792467e+00,-1.253161347037698992e-01
-4.187839000928057942e+01,4.948059164356631179e+00,8.298987384571066883e+00,-1.257153761816159065e-01
-4.190795087426205612e+01,4.921126338565032121e+00,8.285397343147627325e+00,-1.261162098843484070e-01
-4.193764751890741849e+01,4.894342653377301566e+00,8.271783255473955876e+00,-1.265185382273048553e-01
-4.196747909645733898e+01,4.867709740624059478e+00,8.258144723909543572e+00,-1.269222633268664580e-01
-4.199744547970563957e+01,4.841228576799388783e+00,8.244481697560260613e+00,-1.273272830919184306e-01
-4.202754641356867182e+01,4.814900253204363878e+00,8.230794458327027385e+00,-1.277334942595555467e-01
-4.205778126533112982e+01,4.788726185283239900e+00,8.217083076433977951e+00,-1.281407920117975940e-01
-4.208815003434974500e+01,4.762707235254192817e+00,8.203347333487283066e+00,-1.285490675889726375e-01
-4.211865207131553035e+01,4.736844820565284664e+00,8.189587303256169903e+00,-1.289582112905870159e-01
-4.214928701342429207e+01,4.711140104688328556e+00,8.175802927634203243e+00,-1.293681104334050147e-01
-4.218005467715603629e+01,4.685594098430263088e+00,8.161994066391653035e+00,-1.297786500019894318e-01
-4.221095437072371226e+01,4.660208229686139347e+00,8.148160805612890911e+00,-1.301897135003991512e-01
-4.224198588994152459e+01,4.634983516208565746e+00,8.134303010696248393e+00,-1.306011808063483048e-01
-4.227314872318187611e+01,4.609921222814461039e+00,8.120420682811152702e+00,-1.310129304268267680e-01
-4.230444234649252877e+01,4.585022614660487328e+00,8.106513826245013377e+00,-1.314248385950739229e-01
-4.233586653768803387e+01,4.560288710964599090e+00,8.092582309288310682e+00,-1.318407171343147499e-01
-4.236742060868747473e+01,4.535720900348523266e+00,8.078570528218490310e+00,-1.322893406583516007e-01
-4.239910422254366296e+01,4.511320353458439847e+00,8.064516263474931890e+00,-1.327529849013513452e-01
-4.243091694038403716e+01,4.487088344474544854e+00,8.050437144750047125e+00,-1.332146867698590087e-01
-4.246285828314083943e+01,4.463026166437821907e+00,8.036333211403931642e+00,-1.336741519987878768e-01
-4.249492780168127837e+01,4.439135077500481863e+00,8.022204486947121183e+00,-1.341312103055040117e-01
-4.252712500500199866e+01,4.415416354912157892e+00,8.008051010753121091e+00,-1.345856896708350070e-01
-4.255944943507244460e+01,4.391871239215676681e+00,7.993872805097453238e+00,-1.350374154747397415e-01
-4.259190046344799896e+01,4.368501081382580864e+00,7.979669964270295957e+00,-1.354862120128765279e-01
-4.262447772327648465e+01,4.345307030160224571e+00,7.965442465342958300e+00,-1.359319009481431140e-01
-4.265718052824247764e+01,4.322290449497797837e+00,7.951190422382991230e+00,-1.363743028905850252e-01
-4.269000835146190553e+01,4.299452574463536791e+00,7.936913876971710913e+00,-1.368132370326449188e-01
-4.272296081789120592e+01,4.276794523065658993e+00,7.922612802264559662e+00,-1.372485194498281325e-01
-4.275603684125233883e+01,4.254317885525869869e+00,7.908287477116514808e+00,-1.376799669123011105e-01
-4.278923631749241707e+01,4.232023565470618642e+00,7.893937751779710688e+00,-1.381073931133590671e-01
-4.282255841940610708e+01,4.209912944186839034e+00,7.879563787124697960e+00,-1.385306119818923432e-01
-4.285600233707523188e+01,4.187987369427487394e+00,7.865165733108115731e+00,-1.389494361776870968e-01
-4.288956788787877628e+01,4.166247763637146662e+00,7.850743467059125180e+00,-1.393636754377056697e-01
-4.292325370428665821e+01,4.144695801158093218e+00,7.836297372736469313e+00,-1.397731415676036482e-01
-4.295705963317554676e+01,4.123332354977633507e+00,7.821827309504305603e+00,-1.401776437588685420e-01
-4.299098497664379437e+01,4.102158635584757462e+00,7.807333368176666788e+00,-1.405187744824741292e-01
-4.302502830761781638e+01,4.081176173557960141e+00,7.792449142288787378e+00,-1.405788463457876836e-01
-4.305918954140530275e+01,4.060385134181114353e+00,7.777518702738551504e+00,-1.405488656035688844e-01
-4.309346675082338152e+01,4.039786635858869879e+00,7.762563797633919904e+00,-1.405091845575995313e-01
-4.312785918497115034e+01,4.019381052131985932e+00,7.747584499098959299e+00,-1.404598277726120392e-01
-4.316236626006334376e+01,3.999168644259519567e+00,7.732580804009129949e+00,-1.404008136117960159e-01
-4.319698529784906782e+01,3.979150866982604118e+00,7.717553615514232135e+00,-1.403321641103069395e-01
-4.323171686281659021e+01,3.959327264301486515e+00,7.702502424599240172e+00,-1.402539067286480701e-01
-4.326655884533624885e+01,3.939698901936201647e+00,7.687427879559939115e+00,-1.401660723059382496e-01
-4.330151005351131488e+01,3.920266284901252618e+00,7.672330226399720843e+00,-1.400686962473559893e-01
-4.333657052772395701e+01,3.901029220398890551e+00,7.657209176563720909e+00,-1.399618197967516520e-01
-4.337173670295386074e+01,3.881989464582761951e+00,7.642065992697331112e+00,-1.398454861672050464e-01
-4.340700970609427856e+01,3.863146190066428787e+00,7.626899912029605488e+00,-1.397197450615690895e-01
-4.344238741185890262e+01,3.844500313565415439e+00,7.611711569721625104e+00,-1.395846483804128457e-01
-4.347786806331779985e+01,3.826052510262168305e+00,7.596501437550316815e+00,-1.394402524226538431e-01
-4.351345229289705685e+01,3.807802198196401200e+00,7.581268960721559758e+00,-1.392866204113065443e-01
-4.354913601689002434e+01,3.789751192035947902e+00,7.566015600391260421e+00,-1.391238151625699693e-01
-4.358492056977053863e+01,3.771898518027630320e+00,7.550740496614826824e+00,-1.389519072951236056e-01
-4.362080387532192560e+01,3.754244915742986244e+00,7.535444245458958967e+00,-1.387709685006890681e-01
-4.365678374507103854e+01,3.736791131640726960e+00,7.520127485874291473e+00,-1.385810695618063249e-01
-4.369286137855888086e+01,3.719536253814630822e+00,7.504649778412294303e+00,-1.381863274305036582e-01
-4.372903185812378268e+01,3.702481930795642917e+00,7.484492855062823580e+00,-1.370663474077264132e-01
-4.376529645977475980e+01,3.685625572926767290e+00,7.464295762938442991e+00,-1.357783794933693500e-01
-4.380165206852886683e+01,3.668966368691039204e+00,7.444059257183858413e+00,-1.344879325850897311e-01
-4.383809588255746803e+01,3.652503323595714058e+00,7.423783914717503762e+00,-1.331955648286421157e-01
-4.387462880310000912e+01,3.636233772849729817e+00,7.403468250363277825e+00,-1.319018560502742687e-01
-4.391124442493610047e+01,3.620158297787767765e+00,7.383114839824600040e+00,-1.306073062592307821e-01
-4.394794526763877229e+01,3.604273523158692427e+00,7.362721294555283791e+00,-1.293124568247874251e-01
-4.398472727785375724e+01,3.588578958769995886e+00,7.342288877883554221e+00,-1.280177767588164817e-01
-4.402158872762637287e+01,3.573073082526020183e+00,7.321817558480715249e+00,-1.267237428978610081e-01
-4.405853005380872389e+01,3.557753477578414536e+00,7.301306101392459169e+00,-1.254308402584489446e-01
-4.409554502320799685e+01,3.542620481987854841e+00,7.280756973319651770e+00,-1.241394777208249811e-01
-4.413263700664075628e+01,3.527670483031106752e+00,7.260167307200308784e+00,-1.228501174398348578e-01
-4.416980042451839239e+01,3.512903513219180596e+00,7.239539203173428916e+00,-1.215631262566864712e-01
-4.420703582505135643e+01,3.498317132077005454e+00,7.218871358219537626e+00,-1.202789122317329956e-01
-4.424434163501994277e+01,3.483909761167315544e+00,7.198163645337388061e+00,-1.189978477651285199e-01
-4.428171394019325646e+01,3.469680708065435493e+00,7.177417235540428209e+00,-1.177202646422311205e-01
-4.431915548670042426e+01,3.455626749218065452e+00,7.156629600899167443e+00,-1.164465469721698287e-01
-4.435665872018834932e+01,3.441748539109165783e+00,7.135803930787783855e+00,-1.151769705403359184e-01
-4.439422792270179485e+01,3.428042320992654712e+00,7.114936840886588953e+00,-1.139118852523077902e-01
-4.443185796647441066e+01,3.414507821745031535e+00,7.094030170773723221e+00,-1.128182544643726443e-01
-4.446954916542205183e+01,3.401143064170910169e+00,7.064701123146694073e+00,-1.128547110890701782e-01
-4.450730104363357498e+01,3.387948288179572831e+00,7.033577237355636669e+00,-1.133937750036882602e-01
-4.454511100552177538e+01,3.374925309511156435e+00,7.002341052082123873e+00,-1.139878224278264990e-01
-4.458298178166664627e+01,3.362074196129972492e+00,6.970984597227541713e+00,-1.146357397557389302e-01
-4.462090898798908256e+01,3.349397528085336084e+00,6.939505738083421527e+00,-1.153379057741865804e-01
-4.465889565545300854e+01,3.336895471017808923e+00,6.907896135132356008e+00,-1.160947690035152163e-01
-4.469693930136026694e+01,3.324570121972439285e+00,6.876151957869432785e+00,-1.169069091366558150e-01
-4.473504047692574659e+01,3.312422665069958416e+00,6.844266777238495969e+00,-1.177749807979796975e-01
-4.477319832941949329e+01,3.300454830896206282e+00,6.812235251630184507e+00,-1.186997557168412432e-01
-4.481141269549460304e+01,3.288668220815536003e+00,6.780051371103556157e+00,-1.196820956906289313e-01
-4.484968259306535288e+01,3.277064779334265321e+00,6.747709716212626496e+00,-1.207229803978856764e-01
-4.488800887792741889e+01,3.265645989356662504e+00,6.715203204444607721e+00,-1.218234751713156566e-01
-4.492638924291590996e+01,3.254414372444291548e+00,6.682527317837453573e+00,-1.229847808463413045e-01
-4.496482564970614959e+01,3.243371291007794088e+00,6.649673781205378553e+00,-1.242081735591019503e-01
-4.500331547517087927e+01,3.232519536787402004e+00,6.616638093534488618e+00,-1.254950750533920800e-01
-4.504185963443539720e+01,3.221860985217311679e+00,6.583412583488915004e+00,-1.268469978203649040e-01
-4.508045768870263004e+01,3.211398006373893832e+00,6.549990578512381312e+00,-1.282655758803630530e-01
-4.511910738987940306e+01,3.201133550377633696e+00,6.516366816952591456e+00,-1.297526027352745304e-01
-4.515781241353565179e+01,3.191069110496043582e+00,6.482530698964430016e+00,-1.313099224704462054e-01
-4.519656636329881394e+01,3.181208916493549754e+00,6.448480234836200253e+00,-1.327766688019249852e-01
-4.523537589090615540e+01,3.171553699613878230e+00,6.414884652985981539e+00,-1.278681363468520404e-01
-4.527423157092502493e+01,3.162097724619264305e+00,6.382109869620866682e+00,-1.145035668512159877e-01
-4.531313099741586825e+01,3.152819565261660628e+00,6.349119750303068521e+00,-1.004689894654648696e-01
-4.535206801648241282e+01,3.143697625306204557e+00,6.315910104215603837e+00,-8.632814969106894498e-02
-4.539103353371296379e+01,3.134710796594544657e+00,6.282479106394347923e+00,-7.207683960213126517e-02
-4.543002919954633967e+01,3.125835316403283937e+00,6.248815518129255508e+00,-5.771035563012564401e-02
-4.546904124622523824e+01,3.117050757919551884e+00,6.214921186633912242e+00,-4.322141390331327854e-02
-4.550807129627339975e+01,3.108332999605013303e+00,6.180784435734021365e+00,-2.860295452890735876e-02
-4.554711024980475287e+01,3.099660123927498123e+00,6.146402677601368936e+00,-1.384602560862284795e-02
-4.558615218730480478e+01,3.091009266989853010e+00,6.111770350975259447e+00,1.058943206477434449e-03
-4.562519765642884551e+01,3.082355892821745158e+00,6.076875861688623814e+00,1.612149521073404090e-02
-4.566423312950351487e+01,3.073678327635563701e+00,6.041719915099750260e+00,3.135264100216985511e-02
-4.570326147511106996e+01,3.064950980583634799e+00,6.006288225290790095e+00,4.676204485828341917e-02
-4.574227201024610423e+01,3.056150983157502221e+00,5.970578422304157584e+00,6.236009783951591140e-02
-4.578125798448736106e+01,3.047254299980587611e+00,5.934584338502428835e+00,7.815663486099866386e-02
-4.582022105578626281e+01,3.038234628523190484e+00,5.898291654060904499e+00,9.416005591671057495e-02
-4.585914531428210950e+01,3.029069380003766465e+00,5.861702046029066082e+00,1.103786759400441353e-01
-4.589803100773008282e+01,3.019731863176963405e+00,5.824801781655308375e+00,1.268179781376174153e-01
-4.593686944467744837e+01,3.010197106081009100e+00,5.787585135502125944e+00,1.434820714823136778e-01
-4.597564805700028501e+01,3.000440787680454413e+00,5.750049857960664035e+00,1.601924373243436006e-01
-4.601436971570883117e+01,2.990434610130665583e+00,5.713485503871687854e+00,1.704668255800377563e-01
-4.605301931164132867e+01,2.980165471693804413e+00,5.678503826108544317e+00,1.724712412956334595e-01
-4.609159431736507173e+01,2.969630791036472317e+00,5.643222310043308099e+00,1.740644907669638419e-01
-4.613010154819399844e+01,2.958826024714199754e+00,5.607620653869910043e+00,1.757927725705483724e-01
-4.616852714199333008e+01,2.947752171872443316e+00,5.571697032127654658e+00,1.776611923014722039e-01
-4.620687243244081088e+01,2.936405800316831183e+00,5.535435023757226958e+00,1.796752788564980607e-01
-4.624514032702109745e+01,2.924782638490756703e+00,5.498815855854601864e+00,1.818410651861948613e-01
-4.628331758818450936e+01,2.912883087180951680e+00,5.461835506901575599e+00,1.841651521482260967e-01
-4.632140636887261564e+01,2.900702641316233787e+00,5.424474496532058154e+00,1.866547149828837737e-01
-4.635940833443476805e+01,2.888236522461346656e+00,5.386712754368943479e+00,1.893175399347627741e-01
-4.639730964728435936e+01,2.875484788577223227e+00,5.348544779017570860e+00,1.921620511952934762e-01
-4.643511026312783940e+01,2.862442741404596980e+00,5.309950516199824833e+00,1.951975265798175097e-01
-4.647281576098048106e+01,2.849103239235721396e+00,5.270902835145672150e+00,1.984339656336966684e-01
-4.651040922258954424e+01,2.835466739638013767e+00,5.231396748448667644e+00,2.018821140053115026e-01
-4.654788618782311005e+01,2.821529133159951463e+00,5.191413504144280822e+00,2.055538381687753158e-01
-4.658525725646175175e+01,2.807280146441579305e+00,5.150916663705045195e+00,2.094620393983719076e-01
-4.662250535517350158e+01,2.792719491505846641e+00,5.109898076922227084e+00,2.136206683675661022e-01
-4.665962311135817941e+01,2.777843010298342463e+00,5.068338029911418019e+00,2.180443912822998265e-01
-4.669660746461308065e+01,2.762644412116707304e+00,5.026210439303829602e+00,2.227439099157083047e-01
-4.673346533938489245e+01,2.747112600485485334e+00,4.989237670674599556e+00,2.275121273442714531e-01
-4.677017648785790271e+01,2.731247729802066981e+00,4.960116720210343999e+00,2.322927402204732483e-01
-4.680673499251059866e+01,2.715044151971626629e+00,4.930649182855100676e+00,2.373667580958124523e-01
-4.684313462883088164e+01,2.698495871177711614e+00,4.900820831360494623e+00,2.427738530169308850e-01
-4.687937994337383429e+01,2.681591241394849501e+00,4.870607284405797266e+00,2.485370917393122658e-01
-4.691545633364392387e+01,2.664326742935357206e+00,4.839998684640602455e+00,2.546814769316121940e-01
-4.695135243992760365e+01,2.646696948641408031e+00,4.808981484910951565e+00,2.612336651617981342e-01
-4.698706020341929701e+01,2.628694234002581176e+00,4.777538036672645205e+00,2.682231893008794055e-01
-4.702257100808336077e+01,2.610310506289270194e+00,4.745649665968040054e+00,2.756825965650960830e-01
-4.705787561583368728e+01,2.591537183904010888e+00,4.713296604887244889e+00,2.836480452905706939e-01
-4.709297054981081487e+01,2.572361600062273101e+00,4.680451811696142883e+00,2.921588822346606329e-01
-4.712784083638651111e+01,2.552776262307321353e+00,4.647096822583971942e+00,3.012579669377773994e-01
-4.716247152498787187e+01,2.532772860856872033e+00,4.613211303957963416e+00,3.109916708823945442e-01
-4.719684994269818645e+01,2.512340784864984577e+00,4.578770526598912483e+00,3.214111300744323385e-01
-4.723096234676381044e+01,2.491468852827702474e+00,4.543748274870575088e+00,3.325726963975192962e-01
-4.726479380409280395e+01,2.470145300134757083e+00,4.508116752742046707e+00,3.445381304393800859e-01
-4.729832805808591445e+01,2.448357770208680506e+00,4.471846485740164745e+00,3.573365221692114679e-01
-4.733154741679993549e+01,2.426093361051629316e+00,4.438123527527618961e+00,3.674791311672204741e-01
-4.736443585763124275e+01,2.403343295467587293e+00,4.412173181527191623e+00,3.718654107999044278e-01
-4.739698205604643988e+01,2.380106893388387324e+00,4.385785122979688921e+00,3.760039495135050758e-01
-4.742917459557022397e+01,2.356384205242616936e+00,4.358938367723592222e+00,3.805939459389048318e-01
-4.746100130050102450e+01,2.332175145684952877e+00,4.331610240835891190e+00,3.856916632859535565e-01
-4.749244912434082977e+01,2.307479501032132951e+00,4.303776209463602953e+00,3.913618428708485197e-01
-4.752351024535377633e+01,2.282291813948897907e+00,4.275403918238883882e+00,3.976792097127948566e-01
-4.755417210174476850e+01,2.256608913961428264e+00,4.246461419723103425e+00,4.047297701756962796e-01
-4.758441181640745299e+01,2.230435138885669133e+00,4.216922769561441520e+00,4.126129992030335703e-01
-4.761421145030973179e+01,2.203769622436610565e+00,4.186753402369272514e+00,4.214447953086359888e-01
-4.764355131152029799e+01,2.176611505653981204e+00,4.155915632754184408e+00,4.313647948310524449e-01
-4.767243271200736388e+01,2.148937560311646511e+00,4.124342623376511696e+00,4.425367181297731878e-01
-4.770081482767029257e+01,2.120761694006356723e+00,4.092005559396813652e+00,4.551553336853499387e-01
-4.772866758245156404e+01,2.092086247457386250e+00,4.058857858959531661e+00,4.694576257238160522e-01
-4.775599735716598104e+01,2.062871323150258451e+00,4.024798127835181205e+00,4.854498047264800831e-01
-4.778273786342946750e+01,2.033150180367674142e+00,3.996841423364642765e+00,5.007919789550248080e-01
-4.780889009427156822e+01,2.002885317375211915e+00,3.970306479792568677e+00,5.150061670633913069e-01
-4.783439887331974205e+01,1.972106035692900772e+00,3.943089477599018178e+00,5.286325809976123447e-01
-4.785926780758746446e+01,1.940773659112382088e+00,3.915137004037881230e+00,5.414692509573720836e-01
-4.788344352198106435e+01,1.908921816665636095e+00,3.886458547358376592e+00,5.532940419758408668e-01
-4.790690416435356980e+01,1.876549245838569302e+00,3.857031519110851736e+00,5.638652020490255712e-01
-4.792963882352868410e+01,1.843641650992311476e+00,3.826525425111655832e+00,5.729299281204223160e-01
-4.795161077496185698e+01,1.810225949653846644e+00,3.795572989154070154e+00,5.802266557447272044e-01
-4.797280004090988115e+01,1.776311772990430304e+00,3.764010420523035805e+00,5.854905671182517590e-01
-4.799318909562428814e+01,1.741911522802509937e+00,3.731412761596797800e+00,5.884638232074598241e-01
-4.801276314256362099e+01,1.707040885156142052e+00,3.697968844362713003e+00,5.889161285768371723e-01
-4.803151076179548085e+01,1.671718691077701324e+00,3.666735704079126634e+00,5.983295087885088792e-01
-4.804940761524136406e+01,1.635958724713584944e+00,3.639555200178581806e+00,6.371276028727307361e-01
-4.806638746030285603e+01,1.599754852677329531e+00,3.613106279361670392e+00,6.766823145474935020e-01
-4.808238132647331753e+01,1.563105309092305273e+00,3.591251643724198139e+00,7.094584938342309854e-01
-4.809732911833125257e+01,1.526016866862366372e+00,3.572833110065483986e+00,7.337902959030340178e-01
-4.811118262101467025e+01,1.488505012294342400e+00,3.556004087913389178e+00,7.484299571481481950e-01
-4.812390746602194724e+01,1.450595107526893468e+00,3.545867279465525712e+00,7.527165158919770782e-01
-4.813548515900695435e+01,1.412320895970204049e+00,3.545867279465525712e+00,7.466647139048365744e-01
-4.814591502013771418e+01,1.373718308993870041e+00,3.547785090962280563e+00,7.309503042238950643e-01
-4.815521232417729180e+01,1.334827096068326391e+00,3.554134621479037026e+00,7.067974815550323031e-01
-4.816340694320472693e+01,1.295688203542911809e+00,3.562012342605379356e+00,6.817071363691710184e-01
-4.817053199740762182e+01,1.256338698407672094e+00,3.532866899586948328e+00,6.958691991873801053e-01
-4.817655956706901321e+01,1.216805008170527280e+00,3.506994905947232954e+00,7.255970465340213504e-01
-4.818143781292619821e+01,1.177110830151729681e+00,3.483879177994571030e+00,7.507190230562722499e-01
-4.818512208917822193e+01,1.137290067278352357e+00,3.462858988412765626e+00,7.711764422401060637e-01
-4.818757626531105132e+01,1.097383800763088946e+00,3.443141587099291190e+00,7.870171566725183698e-01
-4.818877375983193900e+01,1.057414550273035658e+00,3.428432508664448264e+00,7.983141083361600110e-01
-4.818869469014057216e+01,1.017416025405729840e+00,3.422903040370870009e+00,8.051806886099206473e-01
-4.818732862441956399e+01,9.774605140741075004e-01,3.422903040370870009e+00,8.077849082876924491e-01
-4.818467207118710149e+01,9.375574852274165538e-01,3.422903040370870009e+00,8.063523241550598630e-01
-4.818073084127956918e+01,8.977654778399405400e-01,3.423348857463441863e+00,8.011640330827881629e-01
-4.817551631716476379e+01,8.581153536813443949e-01,3.425314477319564066e+00,7.925504711205404451e-01
-4.816904959417625065e+01,8.186600965263246543e-01,3.429542692067200083e+00,7.791170006254392044e-01
-4.816135254923634079e+01,7.794039156772629706e-01,3.436977682812128343e+00,7.534414503350079784e-01
-4.815248153047308932e+01,7.404205041732324633e-01,3.450127225375080098e+00,7.278852130798602049e-01
-4.814247828896222359e+01,7.017057098169489082e-01,3.457308752051351686e+00,7.076154417554915144e-01
-4.813138137740554612e+01,6.632816893200342845e-01,3.463055484749701485e+00,6.917675028638913259e-01
-4.811922446155204369e+01,6.251755203030193719e-01,3.468707674868167778e+00,6.796558842951384571e-01
-4.810604038905457003e+01,5.874253460910252578e-01,3.474271771019776800e+00,6.707335836341410396e-01
-4.809184893595126908e+01,5.500429462315794549e-01,3.479757068890232397e+00,6.645587249209921055e-01
-4.807666818525840569e+01,5.130483667524750047e-01,3.485170757342553216e+00,6.607693795625094735e-01
-4.806051470431928152e+01,4.764664565198601931e-01,3.490518602602322495e+00,6.590659231695981113e-01
-4.804340246932925140e+01,4.403223353716748112e-01,3.495805734202367177e+00,6.591952135349444797e-01
-4.802534335433063006e+01,4.046416495127307389e-01,3.501036702034758807e+00,6.609390887136687986e-01
-4.800634757125280316e+01,3.694507628701266255e-01,3.506215525043562931e+00,6.641055877643864402e-01
-4.798642407118447295e+01,3.347768949915800873e-01,3.511345732717818802e+00,6.685219516315660249e-01
-4.796558091504444121e+01,3.006482129274613002e-01,3.516430400431803882e+00,6.740289844266588171e-01
-4.794382562002747505e+01,2.670938820960390148e-01,3.521472179589034468e+00,6.776803892105911498e-01
-4.792116915310275260e+01,2.341415197172461715e-01,3.539708831485795848e+00,6.634208430004888690e-01
-4.789764647471443482e+01,2.018017283743682999e-01,3.560488350036632443e+00,6.429284469515791356e-01
-4.787330007315247116e+01,1.700772383001578625e-01,3.581023605107867436e+00,6.241579022027547996e-01
-4.784816932631072461e+01,1.389700911757114354e-01,3.601326631274470724e+00,6.070636759007614902e-01
-4.782229067029715708e+01,1.084819277799256854e-01,3.621409402629200525e+00,5.915736679947229959e-01
-4.779569781026255271e+01,7.861422006198620638e-02,3.641283763127087347e+00,5.776175453157308404e-01
-4.776842192736275905e+01,4.936846775183226926e-02,3.660961375737636025e+00,5.651283281464675179e-01
-4.774049187810741302e+01,2.074636488954422972e-02,3.680453687188672163e+00,5.540435113214169371e-01
-4.771193438369567019e+01,-7.250058744702089254e-03,3.699771905494318336e+00,5.443059130330708539e-01
-4.768277500615038633e+01,-3.461758365344203003e-02,3.718926470876348311e+00,5.358641050691812513e-01
-4.765303727795385669e+01,-6.135276189140763392e-02,3.737927773966793321e+00,5.286725214179121002e-01
-4.762274045662798727e+01,-8.745379088301483139e-02,3.756787603784125906e+00,5.226918439486810675e-01
-4.759190424624083704e+01,-1.129162613891937783e-01,3.775516209781577981e+00,5.178891726451008148e-01
-4.756054700574016891e+01,-1.377349312470766696e-01,3.794123597525679958e+00,5.142382086508922034e-01
-4.752868587414949531e+01,-1.619036558145966476e-01,3.812619543227880214e+00,5.117190861195589635e-01
-4.749633688725641889e+01,-1.854153207747500920e-01,3.831013610187913976e+00,5.103180156053894745e-01
-4.746351513998459382e+01,-2.082617400924479945e-01,3.850133315943443435e+00,5.080633528598844650e-01
-4.743023631126499140e+01,-2.304364198085959992e-01,3.881741192757677705e+00,4.999534497305475056e-01
-4.739652074968398665e+01,-2.519413940092192772e-01,3.913095571850002230e+00,4.905638937708803327e-01
-4.736238985864818574e+01,-2.727808173678104575e-01,3.944199814912537683e+00,4.812220747156314427e-01
-4.732786425368795591e+01,-2.929596050565003718e-01,3.975057953210194395e+00,4.719652281130687910e-01
-4.729296391080740136e+01,-3.124832235189885510e-01,4.005674478138995909e+00,4.628268421581400727e-01
-4.725770814369158046e+01,-3.313576074529644977e-01,4.036054305330203817e+00,4.538368180724298151e-01
-4.722211558906536055e+01,-3.495890808291556850e-01,4.066202739849812176e+00,4.450216565106678290e-01
-4.718620419921452225e+01,-3.671842823658613697e-01,4.096125443023233004e+00,4.364046769663116332e-01
-4.714999125364190746e+01,-3.841500897856859886e-01,4.125828390777973809e+00,4.280062491572130812e-01
-4.711349322658187333e+01,-4.004936158682881331e-01,4.155317955135958918e+00,4.198440448840334849e-01
-4.707672585781408969e+01,-4.162221099307513161e-01,4.184600821728527542e+00,4.119333082196879325e-01
-4.703970432110909172e+01,-4.313428348093155118e-01,4.213683841924015461e+00,4.042871296270631465e-01
-4.700244314830275982e+01,-4.458630602022851663e-01,4.242574088188959536e+00,3.969167112852025059e-01
-4.696495624729001150e+01,-4.597900163490831194e-01,4.271278836643823240e+00,3.898316157504859159e-01
-4.692725692174828112e+01,-4.731308516489382554e-01,4.299805552587837809e+00,3.830400136938021394e-01
-4.688935789211492988e+01,-4.858925938839923631e-01,4.328161878992096590e+00,3.765488942192415367e-01
-4.685127079851166343e+01,-4.980822765127743690e-01,4.356356010089319497e+00,3.703827821502287398e-01
-4.681300683693466880e+01,-5.097066519794020145e-01,4.389201858737255435e+00,3.644641491576394166e-01
-4.677457776824916635e+01,-5.207720329924004909e-01,4.421959895623014170e+00,3.584801367482134404e-01
-4.673599418213969159e+01,-5.312853378741126953e-01,4.454500820889272461e+00,3.523864799143359150e-01
-4.669726637636177458e+01,-5.412538662655318467e-01,4.486826132772991471e+00,3.462011178583498383e-01
-4.665840432665437731e+01,-5.506852671995620119e-01,4.518937580627636841e+00,3.399411395803218494e-01
-4.661941767444733387e+01,-5.595875031972844527e-01,4.550837157193001303e+00,3.336227160383100632e-01
-4.658031571745746646e+01,-5.679688152717874416e-01,4.582527089812828969e+00,3.272610502660365239e-01
-4.654110740296368220e+01,-5.758376890895987588e-01,4.614009830840491766e+00,3.208703277624795902e-01
-4.650180104803633441e+01,-5.832028723170461504e-01,4.645288265724455634e+00,3.144637282551647761e-01
-4.646240521035226578e+01,-5.900731793625716426e-01,4.676365007492535142e+00,3.080533995891763244e-01
-4.642292776078870986e+01,-5.964576445305437291e-01,4.707243128568899593e+00,3.016504737504470124e-01
-4.638337618402414364e+01,-6.023654305133604447e-01,4.737925907860325303e+00,2.952650465413507730e-01
-4.634375761452215414e+01,-6.078057965479146674e-01,4.768416794090723165e+00,2.889062159512223449e-01
-4.630407884121398610e+01,-6.127880747401710515e-01,4.798719395458272530e+00,2.825821107892102502e-01
-4.626434631333022907e+01,-6.173216482338296229e-01,4.828837469627111467e+00,2.762999227821941184e-01
-4.622456614719133228e+01,-6.214159312121827483e-01,4.858774914148959567e+00,2.700659427002330970e-01
